key,cluster_key,item_key
8FLVS0_Paris_1610,8FLVS0,Paris_1610
8FLVS0_Paris_1613,8FLVS0,Paris_1613
LKF40C_London_1678,LKF40C,London_1678
LKF40C_London_1685,LKF40C,London_1685
LKF40C_London_1687,LKF40C,London_1687
NMR5AW_Paris_1565,NMR5AW,Paris_1565
NMR5AW_Paris_1565a,NMR5AW,Paris_1565a
NWKWR7_Paris_1551,NWKWR7,Paris_1551
NWKWR7_Paris_1544,NWKWR7,Paris_1544
Y63G5P_Rome_1574,Y63G5P,Rome_1574
Y63G5P_Rome_1589,Y63G5P,Rome_1589
U0105U_Douai_1625,U0105U,Douai_1625
U0105U_Douai_1633,U0105U,Douai_1633
MBTNS7_Paris_1643b,MBTNS7,Paris_1643b
MBTNS7_Paris_1644a,MBTNS7,Paris_1644a
X65XY0_Ingolstadt_1617,X65XY0,Ingolstadt_1617
X65XY0_Bologna_1629,X65XY0,Bologna_1629
C3FKBW_Venice_1505,C3FKBW,Venice_1505
C3FKBW_Venice_1510,C3FKBW,Venice_1510
GY8NU4_Basel_1537,GY8NU4,Basel_1537
GY8NU4_Basel_1546,GY8NU4,Basel_1546
GY8NU4_Basel_1558,GY8NU4,Basel_1558
RJJ2ER_Paris_1549,RJJ2ER,Paris_1549
RJJ2ER_Paris_1558a,RJJ2ER,Paris_1558a
P3Y44J_Lyon_1557,P3Y44J,Lyon_1557
P3Y44J_Geneva_1610,P3Y44J,Geneva_1610
7BDH40_Paris_1557,7BDH40,Paris_1557
7BDH40_Cologne_1564,7BDH40,Cologne_1564
1E9FSI_Venice_1565,1E9FSI,Venice_1565
1E9FSI_Venice_1585,1E9FSI,Venice_1585
1E9FSI_Venice_1586,1E9FSI,Venice_1586
JG2OCV_Paris_1573,JG2OCV,Paris_1573
JG2OCV_Paris_1598,JG2OCV,Paris_1598
O56JUE_Urbino_1575,O56JUE,Urbino_1575
O56JUE_Pesaro_1619a,O56JUE,Pesaro_1619a
6TZUKK_Cologne_1580,6TZUKK,Cologne_1580
6TZUKK_Cologne_1587,6TZUKK,Cologne_1587
RRMFS9_Cologne_1602,RRMFS9,Cologne_1602
RRMFS9_Paris_1602,RRMFS9,Paris_1602
7BZII3_Beijing_1607,7BZII3,Beijing_1607
7BZII3_Beijing_1611,7BZII3,Beijing_1611
XE7Q8U_Geneva_1611,XE7Q8U,Geneva_1611
XE7Q8U_Geneva_1628,XE7Q8U,Geneva_1628
R1Q2YT_Paris_1615,R1Q2YT,Paris_1615
R1Q2YT_Paris_1621,R1Q2YT,Paris_1621
R1Q2YT_Paris_1631,R1Q2YT,Paris_1631
R1Q2YT_ustc-61,R1Q2YT,ustc-61
R1Q2YT_ustc-62,R1Q2YT,ustc-62
PEFQCG_Rotterdam_1647,PEFQCG,Rotterdam_1647
PEFQCG_Utrecht_1647,PEFQCG,Utrecht_1647
IJTAW0_Leiden_1691,IJTAW0,Leiden_1691
IJTAW0_Leiden_1692,IJTAW0,Leiden_1692
DI1HUP_Paris_1667,DI1HUP,Paris_1667
DI1HUP_The_Hague_1683,DI1HUP,The_Hague_1683
TLOW8P_Oxford_1705,TLOW8P,Oxford_1705
TLOW8P_F2WVY3,TLOW8P,F2WVY3
2LJ5VI_Pisa_1658,2LJ5VI,Pisa_1658
2LJ5VI_Rome_1679,2LJ5VI,Rome_1679
V6Q1EV_Paris_1794,V6Q1EV,Paris_1794
V6Q1EV_KVSFF1,V6Q1EV,KVSFF1
V7DASV_ustc-16,V7DASV,ustc-16
V7DASV_ustc-22,V7DASV,ustc-22
S9P7Q7_ustc-8,S9P7Q7,ustc-8
S9P7Q7_ustc-43,S9P7Q7,ustc-43
SD0LIA_ustc-11,SD0LIA,ustc-11
SD0LIA_ustc-51,SD0LIA,ustc-51
53VCU6_ustc-15,53VCU6,ustc-15
53VCU6_ustc-1,53VCU6,ustc-1
53VCU6_ustc-30,53VCU6,ustc-30
A6ANJ3_Innsbruck_1634,A6ANJ3,Innsbruck_1634
A6ANJ3_Innsbruck_1636,A6ANJ3,Innsbruck_1636
NU4ARY_London_1678a,NU4ARY,London_1678a
NU4ARY_London_1666,NU4ARY,London_1666
9ZQKIV_Paris_1527,9ZQKIV,Paris_1527
9ZQKIV_Paris_1531,9ZQKIV,Paris_1531
9ZQKIV_Paris_1534,9ZQKIV,Paris_1534
ROG81T_bib-3,ROG81T,bib-3
ROG81T_bib-4,ROG81T,bib-4
FOT0ZG_bib-21,FOT0ZG,bib-21
FOT0ZG_bib-129,FOT0ZG,bib-129
5BXTFG_bib-22,5BXTFG,bib-22
5BXTFG_bib-155,5BXTFG,bib-155
JWV81O_bib-46,JWV81O,bib-46
JWV81O_bib-47,JWV81O,bib-47
ATEUPU_bib-55,ATEUPU,bib-55
ATEUPU_bib-56,ATEUPU,bib-56
RDE28F_bib-117,RDE28F,bib-117
RDE28F_bib-118,RDE28F,bib-118
MWEUI5_bib-119,MWEUI5,bib-119
MWEUI5_bib-201,MWEUI5,bib-201
SD2Y3X_0CKY65,SD2Y3X,0CKY65
SD2Y3X_L8R7FQ,SD2Y3X,L8R7FQ
NMAV1L_X5YBIB,NMAV1L,X5YBIB
NMAV1L_LYNX18,NMAV1L,LYNX18
IUOBOR_E7J0Y4,IUOBOR,E7J0Y4
IUOBOR_4TJF1A,IUOBOR,4TJF1A
T5RNN2_6AMYTJ,T5RNN2,6AMYTJ
T5RNN2_OM1R2Y,T5RNN2,OM1R2Y
KNYEAK_ZNLALU,KNYEAK,ZNLALU
KNYEAK_D7OWCD,KNYEAK,D7OWCD
KNYEAK_7Y5IWJ,KNYEAK,7Y5IWJ
BJ5A61_RH6KEE,BJ5A61,RH6KEE
BJ5A61_1QQS64,BJ5A61,1QQS64
298FCC_HFRLRC,298FCC,HFRLRC
298FCC_WFWXP4,298FCC,WFWXP4
298FCC_CCS7QJ,298FCC,CCS7QJ
23A31F_HFRLRC,23A31F,HFRLRC
23A31F_CCS7QJ,23A31F,CCS7QJ
24A2B4_C8SLYQ,24A2B4,C8SLYQ
24A2B4_DN10G5,24A2B4,DN10G5
5BXTFG_7UMG6X,5BXTFG,7UMG6X
7AD1F9_bib-155,7AD1F9,bib-155
7AD1F9_7UMG6X,7AD1F9,7UMG6X
5F9F7B_bib-155,5F9F7B,bib-155
5F9F7B_7UMG6X,5F9F7B,7UMG6X
6A2A3B_MYFHIS,6A2A3B,MYFHIS
6A2A3B_NTML0S,6A2A3B,NTML0S
7918A9_GGD02E,7918A9,GGD02E
7918A9_T3UM3R,7918A9,T3UM3R
41B7F3_EFXRG3,41B7F3,EFXRG3
41B7F3_L8FLF5,41B7F3,L8FLF5
