subject,marker,count,denominator,pct
Arithmetic/Commerce,Students/learners,4,144,2.8
Arithmetic/Commerce,General readers/lovers,7,144,4.9
Arithmetic/Commerce,Mathematicians/scholars,1,144,0.7
Arithmetic/Commerce,Artisans/visual trades,1,144,0.7
Arithmetic/Commerce,Architects/builders,0,144,0.0
Arithmetic/Commerce,Surveyors/engineers,2,144,1.4
Arithmetic/Commerce,Military users,2,144,1.4
Arithmetic/Commerce,Merchants/commercial,1,144,0.7
Arithmetic/Commerce,Nobility/court audience,4,144,2.8
Arithmetic/Commerce,Universities/academies,3,144,2.1
Arithmetic/Commerce,Jesuit,5,144,3.5
Arithmetic/Commerce,Other religious orders,0,144,0.0
Arithmetic/Commerce,Royal/court institution,2,144,1.4
Arithmetic/Commerce,Civic/state institution,0,144,0.0
Arithmetic/Commerce,Engineering/military schools,0,144,0.0
Arithmetic/Commerce,Math professor/lecturer,12,144,8.3
Arithmetic/Commerce,Royal official,5,144,3.5
Arithmetic/Commerce,Religious identity,2,144,1.4
Arithmetic/Commerce,Engineer/practitioner,2,144,1.4
Arithmetic/Commerce,Royal/princely patron,2,144,1.4
Arithmetic/Commerce,Noble patron,3,144,2.1
Arithmetic/Commerce,Ecclesiastical patron,0,144,0.0
Arithmetic/Commerce,Civic/collective patron,0,144,0.0
Arithmetic/Commerce,Named private patron,15,144,10.4
Geometry/Theory,Students/learners,10,424,2.4
Geometry/Theory,General readers/lovers,28,424,6.6
Geometry/Theory,Mathematicians/scholars,3,424,0.7
Geometry/Theory,Artisans/visual trades,0,424,0.0
Geometry/Theory,Architects/builders,0,424,0.0
Geometry/Theory,Surveyors/engineers,7,424,1.7
Geometry/Theory,Military users,6,424,1.4
Geometry/Theory,Merchants/commercial,0,424,0.0
Geometry/Theory,Nobility/court audience,4,424,0.9
Geometry/Theory,Universities/academies,7,424,1.7
Geometry/Theory,Jesuit,19,424,4.5
Geometry/Theory,Other religious orders,1,424,0.2
Geometry/Theory,Royal/court institution,8,424,1.9
Geometry/Theory,Civic/state institution,2,424,0.5
Geometry/Theory,Engineering/military schools,1,424,0.2
Geometry/Theory,Math professor/lecturer,33,424,7.8
Geometry/Theory,Royal official,26,424,6.1
Geometry/Theory,Religious identity,12,424,2.8
Geometry/Theory,Engineer/practitioner,9,424,2.1
Geometry/Theory,Royal/princely patron,15,424,3.5
Geometry/Theory,Noble patron,13,424,3.1
Geometry/Theory,Ecclesiastical patron,4,424,0.9
Geometry/Theory,Civic/collective patron,2,424,0.5
Geometry/Theory,Named private patron,90,424,21.2
Visual/Spatial Arts,Students/learners,0,110,0.0
Visual/Spatial Arts,General readers/lovers,11,110,10.0
Visual/Spatial Arts,Mathematicians/scholars,1,110,0.9
Visual/Spatial Arts,Artisans/visual trades,0,110,0.0
Visual/Spatial Arts,Architects/builders,0,110,0.0
Visual/Spatial Arts,Surveyors/engineers,1,110,0.9
Visual/Spatial Arts,Military users,1,110,0.9
Visual/Spatial Arts,Merchants/commercial,0,110,0.0
Visual/Spatial Arts,Nobility/court audience,3,110,2.7
Visual/Spatial Arts,Universities/academies,2,110,1.8
Visual/Spatial Arts,Jesuit,1,110,0.9
Visual/Spatial Arts,Other religious orders,3,110,2.7
Visual/Spatial Arts,Royal/court institution,1,110,0.9
Visual/Spatial Arts,Civic/state institution,0,110,0.0
Visual/Spatial Arts,Engineering/military schools,1,110,0.9
Visual/Spatial Arts,Math professor/lecturer,3,110,2.7
Visual/Spatial Arts,Royal official,3,110,2.7
Visual/Spatial Arts,Religious identity,5,110,4.5
Visual/Spatial Arts,Engineer/practitioner,4,110,3.6
Visual/Spatial Arts,Royal/princely patron,5,110,4.5
Visual/Spatial Arts,Noble patron,2,110,1.8
Visual/Spatial Arts,Ecclesiastical patron,0,110,0.0
Visual/Spatial Arts,Civic/collective patron,1,110,0.9
Visual/Spatial Arts,Named private patron,24,110,21.8
Instruments/Measurement,Students/learners,1,104,1.0
Instruments/Measurement,General readers/lovers,8,104,7.7
Instruments/Measurement,Mathematicians/scholars,3,104,2.9
Instruments/Measurement,Artisans/visual trades,3,104,2.9
Instruments/Measurement,Architects/builders,0,104,0.0
Instruments/Measurement,Surveyors/engineers,7,104,6.7
Instruments/Measurement,Military users,1,104,1.0
Instruments/Measurement,Merchants/commercial,2,104,1.9
Instruments/Measurement,Nobility/court audience,1,104,1.0
Instruments/Measurement,Universities/academies,1,104,1.0
Instruments/Measurement,Jesuit,4,104,3.8
Instruments/Measurement,Other religious orders,1,104,1.0
Instruments/Measurement,Royal/court institution,2,104,1.9
Instruments/Measurement,Civic/state institution,0,104,0.0
Instruments/Measurement,Engineering/military schools,0,104,0.0
Instruments/Measurement,Math professor/lecturer,11,104,10.6
Instruments/Measurement,Royal official,13,104,12.5
Instruments/Measurement,Religious identity,3,104,2.9
Instruments/Measurement,Engineer/practitioner,3,104,2.9
Instruments/Measurement,Royal/princely patron,7,104,6.7
Instruments/Measurement,Noble patron,3,104,2.9
Instruments/Measurement,Ecclesiastical patron,0,104,0.0
Instruments/Measurement,Civic/collective patron,0,104,0.0
Instruments/Measurement,Named private patron,21,104,20.2
Cosmos/Earth,Students/learners,1,80,1.2
Cosmos/Earth,General readers/lovers,0,80,0.0
Cosmos/Earth,Mathematicians/scholars,0,80,0.0
Cosmos/Earth,Artisans/visual trades,0,80,0.0
Cosmos/Earth,Architects/builders,0,80,0.0
Cosmos/Earth,Surveyors/engineers,1,80,1.2
Cosmos/Earth,Military users,0,80,0.0
Cosmos/Earth,Merchants/commercial,0,80,0.0
Cosmos/Earth,Nobility/court audience,0,80,0.0
Cosmos/Earth,Universities/academies,3,80,3.8
Cosmos/Earth,Jesuit,1,80,1.2
Cosmos/Earth,Other religious orders,1,80,1.2
Cosmos/Earth,Royal/court institution,4,80,5.0
Cosmos/Earth,Civic/state institution,0,80,0.0
Cosmos/Earth,Engineering/military schools,0,80,0.0
Cosmos/Earth,Math professor/lecturer,5,80,6.2
Cosmos/Earth,Royal official,6,80,7.5
Cosmos/Earth,Religious identity,2,80,2.5
Cosmos/Earth,Engineer/practitioner,0,80,0.0
Cosmos/Earth,Royal/princely patron,2,80,2.5
Cosmos/Earth,Noble patron,0,80,0.0
Cosmos/Earth,Ecclesiastical patron,2,80,2.5
Cosmos/Earth,Civic/collective patron,0,80,0.0
Cosmos/Earth,Named private patron,12,80,15.0
Applied Mechanics/Military,Students/learners,0,57,0.0
Applied Mechanics/Military,General readers/lovers,6,57,10.5
Applied Mechanics/Military,Mathematicians/scholars,1,57,1.8
Applied Mechanics/Military,Artisans/visual trades,1,57,1.8
Applied Mechanics/Military,Architects/builders,0,57,0.0
Applied Mechanics/Military,Surveyors/engineers,1,57,1.8
Applied Mechanics/Military,Military users,2,57,3.5
Applied Mechanics/Military,Merchants/commercial,1,57,1.8
Applied Mechanics/Military,Nobility/court audience,3,57,5.3
Applied Mechanics/Military,Universities/academies,3,57,5.3
Applied Mechanics/Military,Jesuit,3,57,5.3
Applied Mechanics/Military,Other religious orders,0,57,0.0
Applied Mechanics/Military,Royal/court institution,3,57,5.3
Applied Mechanics/Military,Civic/state institution,0,57,0.0
Applied Mechanics/Military,Engineering/military schools,1,57,1.8
Applied Mechanics/Military,Math professor/lecturer,6,57,10.5
Applied Mechanics/Military,Royal official,12,57,21.1
Applied Mechanics/Military,Religious identity,2,57,3.5
Applied Mechanics/Military,Engineer/practitioner,3,57,5.3
Applied Mechanics/Military,Royal/princely patron,2,57,3.5
Applied Mechanics/Military,Noble patron,3,57,5.3
Applied Mechanics/Military,Ecclesiastical patron,0,57,0.0
Applied Mechanics/Military,Civic/collective patron,1,57,1.8
Applied Mechanics/Military,Named private patron,12,57,21.1
Music,Students/learners,2,18,11.1
Music,General readers/lovers,0,18,0.0
Music,Mathematicians/scholars,0,18,0.0
Music,Artisans/visual trades,0,18,0.0
Music,Architects/builders,0,18,0.0
Music,Surveyors/engineers,0,18,0.0
Music,Military users,0,18,0.0
Music,Merchants/commercial,0,18,0.0
Music,Nobility/court audience,0,18,0.0
Music,Universities/academies,0,18,0.0
Music,Jesuit,2,18,11.1
Music,Other religious orders,1,18,5.6
Music,Royal/court institution,1,18,5.6
Music,Civic/state institution,0,18,0.0
Music,Engineering/military schools,0,18,0.0
Music,Math professor/lecturer,0,18,0.0
Music,Royal official,0,18,0.0
Music,Religious identity,1,18,5.6
Music,Engineer/practitioner,0,18,0.0
Music,Royal/princely patron,0,18,0.0
Music,Noble patron,0,18,0.0
Music,Ecclesiastical patron,0,18,0.0
Music,Civic/collective patron,0,18,0.0
Music,Named private patron,2,18,11.1
