cluster_key,item_count,earliest_year,latest_year,year_span,city_count,cities,language_count,languages,authors_editors,items
290080,2,1557,1610,53,2,Geneva | Lyon,1,LATIN,Jacques Peletier,Lyon_1557 | Geneva_1610
2CDFE7,2,1557,1610,53,2,Geneva | Lyon,1,LATIN,Jacques Peletier,Lyon_1557 | Geneva_1610
433EA3,2,1557,1610,53,2,Geneva | Lyon,1,LATIN,Jacques Peletier,Lyon_1557 | Geneva_1610
541676,2,1557,1610,53,2,Geneva | Lyon,1,LATIN,Jacques Peletier,Lyon_1557 | Geneva_1610
P3Y44J,2,1557,1610,53,2,Geneva | Lyon,1,LATIN,Jacques Peletier,Lyon_1557 | Geneva_1610
1583AD,2,1575,1619,44,2,Pesaro | Urbino,1,ITALIAN,"Federico Commandino, Valerio Spacciuoli",Urbino_1575 | Pesaro_1619a
21B89B,2,1575,1619,44,2,Pesaro | Urbino,1,ITALIAN,"Federico Commandino, Valerio Spacciuoli",Urbino_1575 | Pesaro_1619a
E87DB8,2,1575,1619,44,2,Pesaro | Urbino,1,ITALIAN,"Federico Commandino, Valerio Spacciuoli",Urbino_1575 | Pesaro_1619a
O56JUE,2,1575,1619,44,2,Pesaro | Urbino,1,ITALIAN,"Federico Commandino, Valerio Spacciuoli",Urbino_1575 | Pesaro_1619a
31AD31,2,1617,1629,12,2,Bologna | Ingolstadt,1,LATIN,Johann Lanz,Ingolstadt_1617 | Bologna_1629
7F0AFC,2,1617,1629,12,2,Bologna | Ingolstadt,1,LATIN,Johann Lanz,Ingolstadt_1617 | Bologna_1629
X65XY0,2,1617,1629,12,2,Bologna | Ingolstadt,1,LATIN,Johann Lanz,Ingolstadt_1617 | Bologna_1629
175D0F,2,1557,1564,7,2,Cologne | Paris,1,LATIN,"Jean Magnien, Étienne Gracile",Paris_1557 | Cologne_1564
6199F5,2,1557,1564,7,2,Cologne | Paris,1,LATIN,"Jean Magnien, Étienne Gracile",Paris_1557 | Cologne_1564
7908FD,2,1557,1564,7,2,Cologne | Paris,1,LATIN,"Jean Magnien, Étienne Gracile",Paris_1557 | Cologne_1564
7BDH40,2,1557,1564,7,2,Cologne | Paris,1,LATIN,"Jean Magnien, Étienne Gracile",Paris_1557 | Cologne_1564
7D4571,2,1557,1564,7,2,Cologne | Paris,1,LATIN,"Jean Magnien, Étienne Gracile",Paris_1557 | Cologne_1564
PEFQCG,2,1647,1647,0,2,Rotterdam | Utrecht,1,DUTCH,Jan Pietersz Dou,Rotterdam_1647 | Utrecht_1647
RRMFS9,2,1602,1602,0,2,Cologne | Paris,1,LATIN,François de Foix-Candale,Cologne_1602 | Paris_1602
1E9FSI,4,1543,1586,43,1,Venice,2,ITALIAN | LATIN,Niccolò Tartaglia,Venice_1543 | Venice_1565 | Venice_1585 | Venice_1586
GY8NU4,3,1537,1558,21,1,Basel,1,LATIN,Christian Herlin,Basel_1537 | Basel_1546 | Basel_1558
R1Q2YT,3,1615,1631,16,1,Paris,1,FRENCH,Denis Henrion,Paris_1615 | Paris_1621 | Paris_1631
LKF40C,3,1678,1687,9,1,London,1,LATIN,Isaac Barrow,London_1678 | London_1685 | London_1687
9ZQKIV,3,1527,1534,7,1,Paris,1,LATIN,Johannes de Sacrobosco,Paris_1527 | Paris_1531 | Paris_1534
5A9AEC,2,1629,1655,26,1,Rome,1,LATIN,"Christopher Clavius, Christoph Grienberger",Rome_1629 | Rome_1655
6E7B7F,2,1609,1634,25,1,Wittenberg,1,LATIN,Ambrosius Rhode,Wittenberg_1609 | Wittenberg_1634
JG2OCV,2,1573,1598,25,1,Paris,1,LATIN,"Jean Magnien, Étienne Gracile",Paris_1573 | Paris_1598
1A8E75,2,1537,1558,21,1,Basel,1,LATIN,Christian Herlin,Basel_1537 | Basel_1558
725DB7,2,1565,1586,21,1,Venice,1,LATIN,Niccolò Tartaglia,Venice_1565 | Venice_1586
33F276,2,1565,1585,20,1,Venice,1,LATIN,Niccolò Tartaglia,Venice_1565 | Venice_1585
70EC9A,2,1565,1585,20,1,Venice,1,LATIN,Niccolò Tartaglia,Venice_1565 | Venice_1585
7FA130,2,1565,1585,20,1,Venice,1,LATIN,Niccolò Tartaglia,Venice_1565 | Venice_1585
XE7Q8U,2,1611,1628,17,1,Geneva,1,FRENCH,"Jacques Peletier, Jean de Tournes",Geneva_1611 | Geneva_1628
3A47AD,2,1615,1631,16,1,Paris,1,FRENCH,Denis Henrion,Paris_1615 | Paris_1631
Y63G5P,2,1574,1589,15,1,Rome,1,LATIN,Christopher Clavius,Rome_1574 | Rome_1589
1543E2,2,1537,1546,9,1,Basel,1,LATIN,Christian Herlin,Basel_1537 | Basel_1546
271C9A,2,1549,1558,9,1,Paris,1,LATIN,Pierre de la Ramée,Paris_1549 | Paris_1558a
488235,2,1537,1546,9,1,Basel,1,LATIN,Christian Herlin,Basel_1537 | Basel_1546
516BE0,2,1549,1558,9,1,Paris,1,LATIN,Pierre de la Ramée,Paris_1549 | Paris_1558a
RJJ2ER,2,1549,1558,9,1,Paris,1,LATIN,Pierre de la Ramée,Paris_1549 | Paris_1558a
511DB1,2,1536,1544,8,1,Paris,2,GREEK | LATIN,Oronce Finé,Paris_1536 | Paris_1544
U0105U,2,1625,1633,8,1,Douai,1,LATIN,Charles Malapert de Mons,Douai_1625 | Douai_1633
316EC6,2,1544,1551,7,1,Paris,1,LATIN,Oronce Finé,Paris_1544 | Paris_1551
48FFCA,2,1544,1551,7,1,Paris,1,LATIN,Oronce Finé,Paris_1544 | Paris_1551
677374,2,1678,1685,7,1,London,1,LATIN,Isaac Barrow,London_1678 | London_1685
6TZUKK,2,1580,1587,7,1,Cologne,1,LATIN,"Jean Magnien, Étienne Gracile",Cologne_1580 | Cologne_1587
NWKWR7,2,1544,1551,7,1,Paris,1,LATIN,Oronce Finé,Paris_1544 | Paris_1551
1BC688,2,1615,1621,6,1,Paris,1,FRENCH,Denis Henrion,Paris_1615 | Paris_1621
3EC771,2,1615,1621,6,1,Paris,1,FRENCH,Denis Henrion,Paris_1615 | Paris_1621
9DFF43,2,1615,1621,6,1,Paris,1,FRENCH,Denis Henrion,Paris_1615 | Paris_1621
23A04F,2,1505,1510,5,1,Venice,1,LATIN,Bartolomeo Zamberti,Venice_1505 | Venice_1510
253787,2,1505,1510,5,1,Venice,1,LATIN,Bartolomeo Zamberti,Venice_1505 | Venice_1510
6FAA21,2,1505,1510,5,1,Venice,1,LATIN,Bartolomeo Zamberti,Venice_1505 | Venice_1510
C3FKBW,2,1505,1510,5,1,Venice,1,LATIN,Bartolomeo Zamberti,Venice_1505 | Venice_1510
7BZII3,2,1607,1611,4,1,Beijing,1,CHINESE,"Xu Guangqi, Matteo Ricci",Beijing_1607 | Beijing_1611
2E80DC,2,1610,1613,3,1,Paris,1,FRENCH,Didier Dounot,Paris_1610 | Paris_1613
69662F,2,1610,1613,3,1,Paris,1,FRENCH,Didier Dounot,Paris_1610 | Paris_1613
8FLVS0,2,1610,1613,3,1,Paris,1,FRENCH,Didier Dounot,Paris_1610 | Paris_1613
IJTAW0,2,1691,1692,1,1,Leiden,1,LATIN,Henrick Coets,Leiden_1691 | Leiden_1692
MBTNS7,2,1643,1644,1,1,Paris,1,LATIN,Georges Fournier,Paris_1643b | Paris_1644a
293DF7,2,1565,1565,0,1,Paris,1,FRENCH,Pierre Forcadel,Paris_1565 | Paris_1565a
63B0F2,2,1565,1565,0,1,Paris,1,FRENCH,Pierre Forcadel,Paris_1565 | Paris_1565a
7DF2B5,2,1565,1565,0,1,Paris,1,FRENCH,Pierre Forcadel,Paris_1565 | Paris_1565a
NMR5AW,2,1565,1565,0,1,Paris,1,FRENCH,Pierre Forcadel,Paris_1565 | Paris_1565a
TLOW8P,2,1705,1705,0,1,Oxford,1,ENGLISH,Edmund Scarburgh,F2WVY3 | Oxford_1705
