classification_key,raw_verb,norm_verb
0NKS71,demonstrée,demonstree
22INUJ,MISE AV IOVR,mise av iovr
2L8L55,accefferunt,accefferunt
2L8L55,iterum expofita,iterum expofita
35H84Y,traducta,traducta
35H84Y,confirmata,confirmata
35H84Y,refertum,refertum
35H84Y,ornatum,ornatum
35H84Y,distributum,distributum
35H84Y,ACCESSIT,accessit
35H84Y,dicata,dicata
35H84Y,APPLICATVS,applicatvs
35H84Y,conditus,conditus
3WV6N7,TIREES,tirees
473J72,Demonstrated,demonstrated
5J1UUA,Reueue,reueue
5J1UUA,augmentee,augmentee
5KCP5R,Overgheset,overgheset
5KCP5R,Ghedruct,ghedruct
5KCP5R,doen,doen
5V691B,illustratur,illustratur
5V691B,demonstratur,demonstratur
5YK5ZF,traditurque,traditurque
6MOFBH,inventa,inventa
6PMNRZ,vindicata,vindicata
6X6R6Y,abgetheilet,abgetheilet
6XTAVU,ALTERATIONS,alterations
6XTAVU,ADDITIONS,additions
8DP4C1,ridotti,ridotti
9D1KT8,Ristampata,ristampata
9D1KT8,Ricorretta,ricorretta
ABSZLW,beschrieben,beschrieben
ABSZLW,erzehlet,erzehlet
ABSZLW,geziert,geziert
AVXGNJ,Getruckt,getruckt
Alcala_1637,Traducido,traducido
Alcala_1637,comentado,comentado
Amsterdam_1616,ghevoecht,ghevoecht
Amsterdam_1616,Overgeset,overgeset
Amsterdam_1616,verclaert,verclaert
Amsterdam_1616,uytgeleyt,uytgeleyt
Amsterdam_1616,oversien,oversien
Amsterdam_1616,verbetert,verbetert
Amsterdam_1616,vermeerdert,vermeerdert
Amsterdam_1618,angefüget,angefuget
Amsterdam_1618,verteutscht,verteutscht
Amsterdam_1626,ghevoecht,ghevoecht
Amsterdam_1626,Overgheset,overgheset
Amsterdam_1626,verclaert,verclaert
Amsterdam_1626,uytgheleyt,uytgheleyt
Amsterdam_1626,over-sien,over sien
Amsterdam_1626,verbetert,verbetert
Amsterdam_1626,vermeerdert,vermeerdert
Amsterdam_1634,angefüget,angefuget
Amsterdam_1634,verteutscht,verteutscht
Amsterdam_1652,Restiuit,restiuit
Amsterdam_1652,explicavit,explicavit
Amsterdam_1660,vertaald,vertaald
Amsterdam_1660a,subjungitur,subjungitur
Amsterdam_1662,Overgeset,overgeset
Amsterdam_1662,Vertaelt,vertaelt
Amsterdam_1662,vergroot,vergroot
Amsterdam_1662,verrijckt,verrijckt
Amsterdam_1672,Voorgesteld,voorgesteld
Amsterdam_1683,accedunt,accedunt
Amsterdam_1695,Vervaat,vervaat
Amsterdam_1695,opgesteld,opgesteld
Amsterdam_1697,REVUE,revue
Amsterdam_1697,CORRIGÉE,corrigee
Amsterdam_1700,EXPLIQUEZ,expliquez
Amsterdam_1700,Reveuë,reveue
Amsterdam_1700,corrigée,corrigee
Amsterdam_1700b,by-gevoeght,by gevoeght
Amsterdam_1700b,Over-geset,over geset
Amsterdam_1700b,verklaert,verklaert
Amsterdam_1700b,uyt-geleyt,uyt geleyt
Amsterdam_1700b,oversien,oversien
Amsterdam_1700b,verbetert,verbetert
Amsterdam_1700b,vermeerdert,vermeerdert
Amsterdam_1700b,by-gevoegde,by gevoegde
Amsterdam_1701,by-gevoeght,by gevoeght
Amsterdam_1701,by-gevoegde,by gevoegde
Amsterdam_1701,Over-geset,over geset
Amsterdam_1701,verklaert,verklaert
Amsterdam_1701,uyt-geleyt,uyt geleyt
Amsterdam_1701,oversien,oversien
Amsterdam_1701,verbeter t,verbeter t
Amsterdam_1701,vermeerdert,vermeerdert
Amsterdam_1701b,accedunt,accedunt
Amsterdam_1702,GEDEMONSTREERT,gedemonstreert
Ansbach_1610,übergesetzet,ubergesetzet
Ansbach_1610,erkläret,erklaret
Antwerp_1645,illustrauit,illustrauit
Antwerp_1645,locupletauit,locupletauit
Antwerp_1654,ACCEDVNT,accedvnt
Antwerp_1672,ACCEDVNT,accedvnt
Arnhem_1605,comprehenſam,comprehensam
Arnhem_1620,corriguntur,corriguntur
Arnhem_1620,reijciuntur,reijciuntur
Arnhem_1620,edita,edita
Arnhem_1620,donata,donata
Augsburg_1555,auß dem latein ins teütsch gebracht,au dem latein ins teutsch gebracht
Augsburg_1555,mit gemainen exemplen also illustrirt,mit gemainen exemplen also illustrirt
B80KIT,data in luce,data in luce
B9OW5O,gestelt,gestelt
Bamberg_1677,digesta,digesta
Bamberg_1677,disposita,disposita
Bamberg_1677,Additis,additis
Bamberg_1677,Accesserunt,accesserunt
Basel_1533,Adiecta,adiecta
Basel_1537,donata,donata
Basel_1537,adiecta,adiecta
Basel_1537,adiecta sunt,adiecta sunt
Basel_1537,donata,donata
Basel_1546a,emendauimus,emendauimus
Basel_1546a,illustrauit,illustrauit
Basel_1546a,restituit,restituit
Basel_1546b,donata,donata
Basel_1546b,adiecta sunt,adiecta sunt
Basel_1550,adiectis,adiectis
Basel_1550,præmissæ,prmiss
Basel_1562,gebracht,gebracht
Basel_1562,erklärt,erklart
Basel_1562,geziert,geziert
Basel_1562,gegeben,gegeben
Basel_1562,genant,genant
Basel_1570,recognita,recognita
Basel_1570,emendatiss,emendatiss
Basel_1570,prodeunt,prodeunt
Basel_1570,ACCESSERVNT,accesservnt
Basel_1570,restituit,restituit
Basel_1570,illustrauit,illustrauit
Basel_1570,descripsit,descripsit
Berlin_1824,EDIDIT,edidit
Berlin_1824,COMPLECTENS,complectens
Bologna_1620,ridotti alla Pratica,ridotti alla pratica
Bologna_1629a,repraesentans,repraesentans
Bologna_1629a,enodans,enodans
Bologna_1651,Tradotti,tradotti
Bologna_1651a,Tradotti,tradotti
Bologna_1663,RINNOVATO,rinnovato
Bologna_1663,Volgarizzato,volgarizzato
Bologna_1663,reuisito,reuisito
Bologna_1663,corretto,corretto
Bologna_1663,ridotti,ridotti
Bologna_1684,edita,edita
Bologna_1684,consecrata,consecrata
Bologna_1686,Tradotti,tradotti
Bologna_1693,explicata,explicata
Brussels_1688,Augmentados,augmentados
Brussels_1689,TRADVCIDOS,tradvcidos
Brussels_1689,EXPLICA-DOS,explica dos
Brussels_1701,Amplificado,amplificado
CG8KPH,Composé,compose
Cambridge_1655,demonstrati,demonstrati
Cambridge_1657,edita,edita
Cambridge_1665,Accesserunt,accesserunt
Cambridge_1703,accedunt,accedunt
Cambridge_1703,emendata,emendata
Cambridge_1703,illustrata,illustrata
Cambridge_1703,accommodata,accommodata
Cologne_1591,Accessit,accessit
Cologne_1591,editi,editi
Cologne_1591,recogniti,recogniti
Cologne_1591,emendati,emendati
Cologne_1591,illustrati,illustrati
Cologne_1591,locupletati,locupletati
Cologne_1602,restituta,restituta
Cologne_1602,collati sunt,collati sunt
Cologne_1602,polliciti,polliciti
Cologne_1602,accessit,accessit
Cologne_1602,RESTITVTA,restitvta
Cologne_1602,ADIMPLETIS,adimpletis
Cologne_1602,Accessit,accessit
Cologne_1602,collati,collati
Cologne_1602,polliciti,polliciti
Cologne_1607,ACCESSIT,accessit
Cologne_1607,collati,collati
Cologne_1607,emendati,emendati
Cologne_1607,aucti,aucti
Cologne_1607a,RECOGNITA,recognita
Cologne_1607a,AVCTA,avcta
Cologne_1607a,distributa,distributa
Cologne_1607a,ADDITVS,additvs
Cologne_1607a,EDITA,edita
Cologne_1627,collati,collati
Cologne_1627,emendati,emendati
Cologne_1627,aucti,aucti
Douai_1620,accommodauit,accommodauit
Douai_1625,accommodauit,accommodauit
E4JQEB,DEMONSTREE,demonstree
E4JQEB,TRA- DVITE,tra dvite
E4JQEB,COMMENTEE,commentee
E7J0Y4,nouuellement inuenté,nouuellement inuente
EN496R,FAICTE,faicte
EN496R,mises en perspecti- ve,mises en perspecti ve
EN496R,Inuentees,inuentees
EN496R,taillees,taillees
EN496R,corrigees,corrigees
EN496R,COMPOSEE,composee
EN496R,FAICTE PAR,faicte par
EN496R,reveuës,reveues
EW54CX,Gedruckt,gedruckt
EW54CX,verfasset,verfasset
Edinburgh_1795,CONTAINING,containing
Edinburgh_1795,ARE ADDED,are added
FA6MQ0,CONTAINING,containing
Florence_1573,Tradotta,tradotta
Florence_1573,data,data
Florence_1674,difesa,difesa
Florence_1674,pubblicata,pubblicata
Florence_1674,spiegata,spiegata
Florence_1690,distesa,distesa
Florence_1690,pubblicata,pubblicata
Frankfurt_1607,Accessit,accessit
Frankfurt_1607,nunc quartò editi,nunc quarto editi
Frankfurt_1607,locupletati,locupletati
Frankfurt_1654,Accessit,accessit
Frankfurt_1654,editi,editi
Frankfurt_1654,locupletati,locupletati
Frankfurt_1654,illustrati,illustrati
Frankfurt_1674,digesta,digesta
Frankfurt_1674,disposita,disposita
Frankfurt_1674,Additis,additis
Frankfurt_1674,Accesserunt,accesserunt
GD0NV0,explicata,explicata
GD0NV0,illustrata,illustrata
GDC2CP,ILLVSTRATA,illvstrata
GDIHEX,aggiunti,aggiunti
GY5QLD,donata,donata
GY5QLD,adiecta,adiecta
Geneva_1611,Traduicts,traduicts
Geneva_1611,dediés,dedies
Glasgow_1756,Sublatis,sublatis
Glasgow_1756,Vitiati,vitiati
Glasgow_1756,Restitutis,restitutis
Graz_1636,contracti,contracti
Graz_1636,Accessit,accessit
Halle_1758,übersetzt,ubersetzt
Halle_1758,aus dem Griechischen übersetzt,aus dem griechischen ubersetzt
Hamburg_1633,VERTAELT,vertaelt
Hamburg_1633,Verroten,verroten
Hamburg_1638,vertaald,vertaald
Hardy-1,REFVTATION,refvtation
Hardy-2,monstré,monstre
Hardy-2,imprimé,imprime
Hardy-2,demonstré,demonstre
Hardy-3,Composee,composee
Hardy-3,Traduicte,traduicte
Hardy-4,mise au jour,mise au jour
Hardy-4,imprimé,imprime
Hardy-6,Remise au jour,remise au jour
Hardy-6,imprimé,imprime
I9PE2Y,tradita,tradita
Ingolstadt_1617,dati,dati
Ingolstadt_1617,impressi,impressi
Ingolstadt_1617,dicati,dicati
Ingolstadt_1617,in lucem dati,in lucem dati
Innsbruck_1634,APERITUR,aperitur
Innsbruck_1634,Accommodavit,accommodavit
Innsbruck_1634,SELEGIT,selegit
Innsbruck_1634,Accommodavit,accommodavit
Innsbruck_1634,ADITUS,aditus
Innsbruck_1634,APERITUR,aperitur
JT4H92,made,made
JT4H92,Translated,translated
JTZKPV,versus,versus
K7DERJ,geordnet,geordnet
K7DERJ,gestelt,gestelt
K7DERJ,nachzutrucken,nachzutrucken
KLSGAN,geordnet,geordnet
KLSGAN,gegeben,gegeben
KVSFF1,REVUE,revue
KVSFF1,CORRIGÉE,corrigee
KVSFF1,AUGMENTÉE,augmentee
Kiel_Hamburg_and_Leipzig_1697,vorgestellter,vorgestellter
Kiel_and_Leipzig_1699,vorgestellter,vorgestellter
Kiel_and_Leipzig_1699,eingerichtet,eingerichtet
LQNZBJ,Traduictz,traduictz
Lausanne_1683,EXPLIQVEZ,expliqvez
Le_Mans_1663,TRADVITE,tradvite
Le_Mans_1663,demonstrée,demonstree
Leiden_1599,versa,versa
Leiden_1606,verclaert,verclaert
Leiden_1606,Over-gheset,over gheset
Leiden_1606,uytgheleyt,uytgheleyt
Leiden_1607,gevoecht,gevoecht
Leiden_1607,Overgheset,overgheset
Leiden_1607,verclaert,verclaert
Leiden_1607,uytgheleyt,uytgheleyt
Leiden_1615,translatae,translatae
Leiden_1617,Overgeset,overgeset
Leiden_1617,tsamenghestelt,tsamenghestelt
Leiden_1692,ADORNATI,adornati
Leiden_and_Amsterdam_1673,Recogniti,recogniti
Leipzig_1549,CONVERSI,conversi
Leipzig_1549,Edebat,edebat
Leipzig_1577,conuersi,conuersi
Leipzig_1577,ADIECTÆ,adiect
Leipzig_1577,editæ,edit
Leipzig_1883,EDIDERUNT,ediderunt
Lisbon_1735,ACRESCENTADOS COM TRÊS UTEIS,acrescentados com tres uteis
Livorno_1709,REFORMATUS,reformatus
Livorno_1709,exponuntur,exponuntur
Livorno_1709,demonstrantur,demonstrantur
London_1570,translated,translated
London_1570,annexed,annexed
London_1570,made,made
London_1620,restituti,restituti
London_1651,contracted,contracted
London_1651,Demonstrated,demonstrated
London_1651,added,added
London_1654,contracti,contracti
London_1654,demonstrati,demonstrati
London_1660,Demonstrated,demonstrated
London_1660,Translated,translated
London_1661,With a supplement of,with a supplement of
London_1661,To which is added,to which is added
London_1661,annexed,annexed
London_1661,ascribed to,ascribed to
London_1661,published by,published by
London_1678,purgati,purgati
London_1678a,DEMONSTRATA,demonstrata
London_1680–81,CONTAIN-ING,contain ing
London_1680–81,Composed,composed
London_1680–81,demonstrated,demonstrated
London_1685,breviter demonstrati,breviter demonstrati
London_1685,purgati,purgati
London_1685,nunc demum purgati,nunc demum purgati
London_1685a,Explained,explained
London_1685a,Demonstrated,demonstrated
London_1685a,Done out of,done out of
London_1685a,Corrected,corrected
London_1685a,Augmented,augmented
London_1685a,Illustrated,illustrated
London_1686,Demonstrated,demonstrated
London_1686,Translated,translated
London_1686,very carefully corrected,very carefully corrected
London_1695,Epitomiz’d,epitomizd
London_1695,BEING,being
London_1695,demonſtrated,demonstrated
London_1696,Explain’d,explaind
London_1696,Written,written
London_1696,made,made
London_1696,Cor-rected,cor rected
London_1700,Subjoin’d,subjoind
London_1703,Explained,explained
London_1703,Demonstrated,demonstrated
London_1703,Corrected,corrected
London_1703,Augmented,augmented
London_1703,Illustrated,illustrated
London_1703,Done,done
London_1705,added,added
London_1705,Demonstrated,demonstrated
London_1747,are added,are added
London_1789,CONTAINING,containing
Lund_1855,Öfversättning,ofversattning
Lund_1855,bearbetning,bearbetning
Lyon_1557,auctior,auctior
Lyon_1557,emendatior,emendatior
Lyon_1557,additus,additus
Lyon_1557,contulerit,contulerit
Lyon_1645,Traduits,traduits
Lyon_1645,augmentez,augmentez
Lyon_1646,Traduits,traduits
Lyon_1646,augmentez,augmentez
Lyon_1660,accommodati,accommodati
Lyon_1672,RENDVS,rendvs
Lyon_1674,COMPLECTENS,complectens
Lyon_1674,PRODIT,prodit
Lyon_1675,accommodati,accommodati
Lyon_1690,COMPLECTENS,complectens
Lyon_1690,aucta,aucta
Lyon_1690,emen-data,emen data
Lübeck_and_Frankfurt_1699,eingerichtet,eingerichtet
Lübeck_and_Frankfurt_1699,bewiesen,bewiesen
MMJVXG,Receuë,receue
MMJVXG,corrigée,corrigee
MMJVXG,augmen- tée,augmen tee
MYFHIS,la aggiunta,la aggiunta
MYFHIS,ristampate,ristampate
MYFHIS,corrette,corrette
Madrid_1585,Traduzidas,traduzidas
Madrid_1665,traduci-dos,traduci dos
Madrid_1665,aprobadas,aprobadas
Madrid_1665,Confirmadas,confirmadas
Madrid_1665,COMPVESTO,compvesto
Mainz_1611_1612,distributa,distributa
Mainz_1611_1612,denuo correcta,denuo correcta
Mainz_1611_1612,aucta,aucta
Milan_1671,TRATTI,tratti
Milan_1702,TRATTI,tratti
MorisS-1-1,recueillis,recueillis
MorisS-1-1,inuentez,inuentez
MorisS-10-1,excerpta,excerpta
MorisS-12-1,INVENTA,inventa
MorisS-12-1,transmissa,transmissa
MorisS-12-1,proposita,proposita
MorisS-12-1,ACCESSIT,accessit
MorisS-13-2,TRANSLATO,translato
MorisS-13-5,iterato edita,iterato edita
MorisS-13-5,Dictata,dictata
MorisS-14-1,mises en lumière,mises en lumiere
MorisS-15-1,publiée,publiee
MorisS-16-1,reueuë,reueue
MorisS-16-1,corrigée,corrigee
MorisS-16-1,augmentée,augmentee
MorisS-16-10,COMPOSEE,composee
MorisS-16-10,Augmentée,augmentee
MorisS-16-10,adioustées,adioustees
MorisS-16-4,Supputé,suppute
MorisS-16-4,corrigé,corrige
MorisS-16-4,adioustées,adioustees
MorisS-16-6,Reueuë,reueue
MorisS-16-6,corrigée,corrigee
MorisS-16-6,augmentée,augmentee
MorisS-17-3,Continens,continens
MorisS-17-3,contenant,contenant
MorisS-18-1,Demonstrata,demonstrata
MorisS-18-1,reducta,reducta
MorisS-18-1,restaurat,restaurat
MorisS-18-1,amplificat,amplificat
MorisS-18-3,edito,edito
MorisS-18-3,communicato,communicato
MorisS-18-4,PROMOTA,promota
MorisS-18-4,adiictis,adiictis
MorisS-20-5,SELECTAE,selectae
MorisS-20-6,COMPOSEE,composee
MorisS-21-12,ACCESSIT,accessit
MorisS-21-13,NOVVELLEMENT MISE EN LVMIERE,novvellement mise en lvmiere
MorisS-21-2,Enrichie,enrichie
MorisS-21-6,Composées,composees
MorisS-21-8,CONTENANT,contenant
MorisS-21-9,Traduit,traduit
MorisS-22-3,ADIVNGITVR LIBER QVARTVS,adivngitvr liber qvartvs
MorisS-22-4,RESTITVTA,restitvta
MorisS-22-4,optatæ,optat
MorisS-22-4,condendis,condendis
MorisS-22-5,REDVITE,redvite
MorisS-22-6,Divisée,divisee
MorisS-22-6,SVIVIS,svivis
MorisS-22-6,contenant,contenant
MorisS-22-6,DEDIE,dedie
MorisS-22-7,stabilita,stabilita
MorisS-22-7,distributa,distributa
MorisS-22-7,complectens,complectens
MorisS-23-2,præsferentis,prsferentis
MorisS-24-1,abbrégé,abbrege
MorisS-24-1,reduite,reduite
MorisS-24-2,Augmentée,augmentee
MorisS-24-2,accommodée,accommodee
MorisS-24-2,Tirée,tiree
MorisS-26-1,augmentée,augmentee
MorisS-27-2,Nota in,nota in
MorisS-27-2,Adiecta sunt,adiecta sunt
MorisS-28-1,LA CONSTRVCTION,la constrvction
MorisS-28-1,L’VSAGE,lvsage
MorisS-28-1,Composé,compose
MorisS-3-1,Abrégé,abrege
MorisS-3-2,CUIUS BENEFICIO APERITVR,cuius beneficio aperitvr
MorisS-3-2,SIMVLQVE TRADITVR METHODVS,simvlqve traditvr methodvs
MorisS-3-3,Adiectus est,adiectus est
MorisS-3-4,ADICITVR,adicitvr
MorisS-3-5,ADIECTVS EST,adiectvs est
MorisS-5-3,ADDITA EST,addita est
N000JX,recollegit,recollegit
N000JX,correxit,correxit
N1D1J1,digesta,digesta
N1D1J1,panduntur,panduntur
N61RR8,Descrit,descrit
NYJL4C,accessit,accessit
Naples_1701,reco- gnita,reco gnita
Naples_1701,emendata,emendata
Naples_1810,Emendati,emendati
Nuremberg_1539,Getruckt,getruckt
Nuremberg_1625,dargegeben,dargegeben
Nuremberg_1625,Gedruckt,gedruckt
Nuremberg_1625,verlegt,verlegt
OGXS5A,MIRIFICI,mirifici
OGXS5A,condenda,condenda
OGXS5A,memoratam,memoratam
OGXS5A,accedere,accedere
OGXS5A,resoluenda,resoluenda
OQBIL8,publiciert,publiciert
OQE4ZD,deductrt,deductrt
Osnabrück_1676,revisi,revisi
Osnabrück_1676,expurgati,expurgati
Oxford_1685,Explain’d,explaind
Oxford_1685,Written,written
Oxford_1685,done,done
Oxford_1685,purg’d,purgd
Oxford_1705,Translated,translated
Oxford_1705,translated,translated
Oxford_London_1700,Explain’d,explaind
Oxford_London_1700,Written in French,written in french
Oxford_London_1700,Now made English,now made english
Oxford_London_1700,Errors Corrected,errors corrected
Padua_1694,ACCEDUNT,accedunt
Padua_1694,INSERTA EST,inserta est
Padua_1694,desumpta,desumpta
Paris_1500,adiecta,adiecta
Paris_1500,illustratus,illustratus
Paris_1507,adiecta,adiecta
Paris_1507,edito,edito
Paris_1507,illustratus,illustratus
Paris_1511,adiecta,adiecta
Paris_1511,nuper edito,nuper edito
Paris_1511,illustratus,illustratus
Paris_1516a,adjecta,adjecta
Paris_1516a,edito,edito
Paris_1516a,illustratus,illustratus
Paris_1521,ADditione,additione
Paris_1521,illustratus,illustratus
Paris_1527,ADDITIONE,additione
Paris_1527,illustratus,illustratus
Paris_1532,feliciter emissum,feliciter emissum
Paris_1534a,decerptum,decerptum
Paris_1536,insertus est,insertus est
Paris_1536,recognita,recognita
Paris_1538,illustratus,illustratus
Paris_1544,Recèns,recens
Paris_1544,emendatæ,emendat
Paris_1544,recognita,recognita
Paris_1544,recèns auctæ,recens auct
Paris_1544,emendatæ,emendat
Paris_1544,recognita,recognita
Paris_1551a,interprete,interprete
Paris_1557a,REDDITA,reddita
Paris_1557a,præposita est,prposita est
Paris_1557a,ædita,dita
Paris_1557b,desumpta,desumpta
Paris_1557b,excusa,excusa
Paris_1564,TRADVICTS,tradvicts
Paris_1564,COMMENTEZ,commentez
Paris_1565,COMPRENANS,comprenans
Paris_1565,traduits,traduits
Paris_1565,com- mentez,com mentez
Paris_1565,TRADVICT,tradvict
Paris_1565,COMMENté,commente
Paris_1565,intitulé,intitule
Paris_1566,restituta,restituta
Paris_1566,accessit,accessit
Paris_1566a,traduictz,traduictz
Paris_1566b,traduit,traduit
Paris_1578,restituta,restituta
Paris_1578,Adimpletis,adimpletis
Paris_1578,Accessit,accessit
Paris_1578,collati sunt,collati sunt
Paris_1578,polliciti,polliciti
Paris_1578,inuentis,inuentis
Paris_1598a,TRADVICTS,tradvicts
Paris_1598a,commentez,commentez
Paris_1598a,Dediez,dediez
Paris_1604,VERSA,versa
Paris_1604,præposita est,prposita est
Paris_1605,TRADVITS,tradvits
Paris_1605,commentez,commentez
Paris_1605,Dediez,dediez
Paris_1605,Reueus,reueus
Paris_1605,corrigez,corrigez
Paris_1609,Traduits,traduits
Paris_1609,restitués,restitues
Paris_1609,adioustez,adioustez
Paris_1610,Traduits,traduits
Paris_1610,restitués,restitues
Paris_1610,adioustez,adioustez
Paris_1610,TRADVITS,tradvits
Paris_1610,RESTITVEZ,restitvez
Paris_1610,Reueuë,reueue
Paris_1610,augmentée,augmentee
Paris_1610,adioustez,adioustez
Paris_1615,Traduicts,traduicts
Paris_1615,Traduicts,traduicts
Paris_1615,Reueuë,reueue
Paris_1615,corrigée,corrigee
Paris_1615,augmentée,augmentee
Paris_1615,Reueue,reueue
Paris_1615,corrigée,corrigee
Paris_1615,augmentée,augmentee
Paris_1615,Traduicts,traduicts
Paris_1622,Traduicts,traduicts
Paris_1622,augmentez,augmentez
Paris_1623,Traduicts,traduicts
Paris_1623,Reueu,reueu
Paris_1623,augmenté,augmente
Paris_1625,vertit,vertit
Paris_1625,Adiectus est,adiectus est
Paris_1625,edidit,edidit
Paris_1625,illus‑trauit,illustrauit
Paris_1625,explicantur,explicantur
Paris_1629,TRADVITS,tradvits
Paris_1629,commentez,commentez
Paris_1629,Reueuz,reueuz
Paris_1629,corrigez,corrigez
Paris_1630,Extraicts,extraicts
Paris_1630,tirez,tirez
Paris_1630,Traduits,traduits
Paris_1632,Traduicts,traduicts
Paris_1632,imprimez,imprimez
Paris_1632,reueus,reueus
Paris_1632,corrigez,corrigez
Paris_1632,traduict,traduict
Paris_1632,imprimé,imprime
Paris_1632a,Traduicts,traduicts
Paris_1632a,augmentez,augmentez
Paris_1634,DEMONSTRATVS,demonstratvs
Paris_1634,DEMONSTRE,demonstre
Paris_1639,Demonstrez,demonstrez
Paris_1640,illustré,illustre
Paris_1640,reduit,reduit
Paris_1643,tiré,tire
Paris_1643,rengez,rengez
Paris_1643,demonstrez,demonstrez
Paris_1643b,contracti,contracti
Paris_1643b,demonstrati,demonstrati
Paris_1644,Demonstrez,demonstrez
Paris_1644b,DEMONSTRATVS,demonstratvs
Paris_1644b,DEMONSTRÉ,demonstre
Paris_1654,correctior,correctior
Paris_1654a,EXPLIQVEZ,expliqvez
Paris_1661,CONTENANT EN CENT FIGVRES,contenant en cent figvres
Paris_1661,Contenant de plus,contenant de plus
Paris_1667,contenant,contenant
Paris_1667,CONTENANT,contenant
Paris_1677a,EXPLIQUEZ,expliquez
Paris_1683,EXPLIQUEZ,expliquez
Paris_1689,MIEUX DIGEREE,mieux digeree
Paris_1690,Reveuë,reveue
Paris_1690,corrigée,corrigee
Paris_1693,COMPREND,comprend
Paris_1693,contient,contient
Paris_1697,REVEUE,reveue
Paris_1697,CORRIGE'E,corrige e
Paris_1739,CONTENANT,contenant
Paris_1739,travaillé,travaille
Paris_1739,enrichi de,enrichi de
Paris_1814,approuvé,approuve
Pesaro_1572,conuersi,conuersi
Pesaro_1572,illustrati,illustrati
Pesaro_1619,conuersi,conuersi
Pesaro_1619,vendicati,vendicati
Pesaro_1619,DICATI,dicati
Q4F538,beschrieben,beschrieben
Q4F538,eröffnet,eroffnet
Q4F538,gegeben wird,gegeben wird
Q4F538,gebracht werden mag,gebracht werden mag
Q4F538,verzückt,verzuckt
Q4F538,vnuerrückt,vnuerruckt
QWCWLH,mis en langue Françoyse,mis en langue francoyse
QX7XH4,Corrected,corrected
QX7XH4,Restored,restored
RH6KEE,Descrite,descrite
RSEIPO,POSTI BREVEMENTE IN VOLGARE,posti brevemente in volgare
RSEIPO,ILLUSTRATI CON VARIE ANNOTAZIONI,illustrati con varie annotazioni
Rome_1545a,TRADOTTI,tradotti
Rome_1589,ACCES- SIT,acces sit
Rome_1589,AC-CESSIT,ac cessit
Rome_1589,illustrati,illustrati
Rome_1589,editi,editi
Rome_1589,locupletati,locupletati
Rome_1589,illustrati,illustrati
Rome_1591,conuersa,conuersa
Rome_1591,illustrata,illustrata
Rome_1591,ad-ditæ sunt,ad dit sunt
Rome_1594,تحرير,
Rome_1594,impressi,impressi
Rome_1603,Accessit,accessit
Rome_1603,editi,editi
Rome_1603,locupletati,locupletati
Rome_1603,illustrati,illustrati
Rome_1609,deprompta,deprompta
Rome_1609,illustrata,illustrata
Rome_1609,conuersa,conuersa
Rome_1609,addita sunt,addita sunt
Rome_1629,contracti,contracti
Rome_1655,contracti,contracti
Rome_1655,Accessere,accessere
Rome_1679,RESTITUTUS,restitutus
Rome_1679,RESTITUTUS,restitutus
Rome_1679,contexta,contexta
Rome_1680,RESTITVTO,restitvto
Rome_1680,Ristaurati,ristaurati
Rome_1680,facilitati,facilitati
Rome_1695,Addito,addito
Rome_1695,contexta,contexta
Rotterdam_1632,ghevoeght,ghevoeght
Rotterdam_1632,Overgheset,overgheset
Rotterdam_1632,verk-laert,verk laert
Rotterdam_1632,uytgheleyt,uytgheleyt
Rotterdam_1632,oversien,oversien
Rotterdam_1632,verbetert,verbetert
Rotterdam_1632,byghevoeghde,byghevoeghde
Rotterdam_1632,verklaert,verklaert
Rotterdam_1632,vermeerdert,vermeerdert
Rotterdam_1647,bygevoeght,bygevoeght
Rotterdam_1647,Overgeset,overgeset
Rotterdam_1647,verklaert,verklaert
Rotterdam_1647,uytgeleyt,uytgeleyt
Rotterdam_1647,oversien,oversien
Rotterdam_1647,verbetert,verbetert
Rotterdam_1647,vermeerdert,vermeerdert
Rotterdam_1647,breeder verklaert,breeder verklaert
Rotterdam_1647,bygevoeght,bygevoeght
Rotterdam_1647,Overgeset,overgeset
Rotterdam_1647,verklaert,verklaert
Rotterdam_1647,uytgeleyt,uytgeleyt
Rotterdam_1647,oversien,oversien
Rotterdam_1647,verbetert,verbetert
Rotterdam_1647,vermeerdert,vermeerdert
Rotterdam_1661,by-gevoeght,by gevoeght
Rotterdam_1661,Over-geset,over geset
Rotterdam_1661,verklaert,verklaert
Rotterdam_1661,uyt-geleydt,uyt geleydt
Rotterdam_1661,oversien,oversien
Rotterdam_1661,verbetert,verbetert
Rotterdam_1661,vermeerdert,vermeerdert
Rotterdam_1661,by-gevoeghde,by gevoeghde
Rotterdam_1681,by-gevoeght,by gevoeght
Rotterdam_1681,Over-geset,over geset
Rotterdam_1681,verklaert,verklaert
Rotterdam_1681,uyt-geleydt,uyt geleydt
Rotterdam_1681,oversien,oversien
Rotterdam_1681,verbetert,verbetert
Rotterdam_1681,vermeerdert,vermeerdert
Rouen_1649,Traduicts,traduicts
Rouen_1649,Reueuë,reueue
Rouen_1649,corrigée,corrigee
Rouen_1649,augmentée,augmentee
Rouen_1676,Traduits,traduits
Rouen_1676,reveus & corrigez,reveus corrigez
Rouen_1676,traduit,traduit
Rouen_and_Paris_1677,Traduits,traduits
Rouen_and_Paris_1677,commentez,commentez
Rouen_and_Paris_1677,Reveuë,reveue
Rouen_and_Paris_1677,augmentée,augmentee
Rouen_and_Paris_1683,Traduits,traduits
Rouen_and_Paris_1683,commentez,commentez
Rouen_and_Paris_1683,Reveuë,reveue
Rouen_and_Paris_1683,augmentée,augmentee
S105XB,gegeben,gegeben
Seville_1576,Traduzidos,traduzidos
Siena_1691,succinctè demonstrata,succincte demonstrata
Strasbourg_1529,decerptum,decerptum
Strasbourg_1557,noua translatione,noua translatione
Strasbourg_1557,translata,translata
Strasbourg_1557,ædita,dita
Strasbourg_1559,συνουσιῶν,
Strasbourg_1564,accesserunt,accesserunt
Strasbourg_1564,explicantur,explicantur
Strasbourg_1566,FACTAE,factae
Strasbourg_1570,edita,edita
Strasbourg_1571,edita,edita
Strasbourg_1571a,editæ,edit
Strasbourg_1572,editæ,edit
Strasbourg_1625,collecta,collecta
Strasbourg_1625,digesta,digesta
Strasbourg_1625,aucta,aucta
Strasbourg_1625,explicata,explicata
Strasbourg_1625,declarata,declarata
Strasbourg_1625,illustrata,illustrata
T4DFPF,donata,donata
TJONV6,Traduite en François,traduite en francois
TJONV6,illustree de Commentaires,illustree de commentaires
TJONV6,contenans plu- sieurs inuentions nouuelles dudit FORCADEL,contenans plu sieurs inuentions nouuelles dudit forcadel
TJONV6,Augmentee en ceste derniere Edition,augmentee en ceste derniere edition
TMVVZN,Diuiso,diuiso
TTORPR,decerp- tum,decerp tum
TTORPR,Continet,continet
The_Hague_1690,Suivant,suivant
The_Hague_1758,Mis dans un Nouvel ordre,mis dans un nouvel ordre
The_Hague_1758,Revus,revus
Turin_1671,ADAVCTVS,adavctvs
UEIZFO,ABREGEE,abregee
UQI2BV,collecta,collecta
UQI2BV,elaboratis,elaboratis
UX662Y,Getruckt,getruckt
Urbino_1575,Volgarizzati,volgarizzati
Urbino_1575,reuisti,reuisti
Urbino_1575,ristampati,ristampati
Urbino_1575,illustrati,illustrati
Urbino_1575,TRADOTTI,tradotti
Urbino_1575,illustrati,illustrati
Urbino_1575,TRASPORTATI,trasportati
Urbino_1575,riueduti,riueduti
Utrecht_n.d,over- geset,over geset
Utrecht_n.d,verciert,verciert
Utrecht_n.d,ghegheven,ghegheven
VRHOHN,augmentée,augmentee
Valencia_1673,ILLVSTRATVS,illvstratvs
Venice_1498,Interprete,interprete
Venice_1505,sumpta,sumpta
Venice_1505,addita,addita
Venice_1505,subuersa,subuersa
Venice_1505,voluta,voluta
Venice_1505,ordinata,ordinata
Venice_1505,digesta,digesta
Venice_1505,castigata,castigata
Venice_1505,addita,addita
Venice_1505,subuersa,subuersa
Venice_1505,prepostere,prepostere
Venice_1505,voluta,voluta
Venice_1505,ordinata,ordinata
Venice_1505,digesta,digesta
Venice_1505,castigata,castigata
Venice_1505,adiuncta,adiuncta
Venice_1509,tralata,tralata
Venice_1509,emen-dauit,emen dauit
Venice_1509,detersit,detersit
Venice_1509,concinnauit,concinnauit
Venice_1509,addidit,addidit
Venice_1509,aperuit,aperuit
Venice_1509,enarrauit,enarrauit
Venice_1509,illustrauit,illustrauit
Venice_1509,prestitit,prestitit
Venice_1565,REASSETTATO,reassettato
Venice_1565,RIDOTTO,ridotto
Venice_1565,AGGIONTA,aggionta
Venice_1565,DILIGENTE- MENTE RASSETTATO,diligente mente rassettato
Venice_1565,ridotto,ridotto
Venice_1565,aggiunta,aggiunta
Venice_1565,DILIGENTEMENTE RASSETTATO,diligentemente rassettato
Venice_1565,alla integrità ridotto,alla integrita ridotto
Venice_1565,di nuouo aggionta,di nuouo aggionta
Venice_1565,ben corretto,ben corretto
Venice_1565,ristampato,ristampato
Venice_1565,RASSETTATO,rassettato
Venice_1565,ridotto,ridotto
Venice_1565,corretto,corretto
Venice_1565,ristampato,ristampato
Venice_1569,RASSETTATO,rassettato
Venice_1569,ridotto,ridotto
Venice_1575,ædita,dita
Venice_1603,RECOGNITA,recognita
Venice_1603,AVCTA,avcta
Venice_1603,distributa,distributa
Venice_1603,ADDITVS,additvs
Vienna_1694,bewiesen,bewiesen
WOQG2Q,Reueüe,reueue
WOQG2Q,Augmentée,augmentee
WOQG2Q,Corrigée,corrigee
Wittenberg_1609,Correctior,correctior
Wittenberg_1609,Emendatior,emendatior
Wittenberg_1661,Correctior,correctior
Wittenberg_1661,Emendatior,emendatior
Würzburg_1661,digesta,digesta
Würzburg_1661,disposita,disposita
Würzburg_1661,Accesserunt,accesserunt
X2T7PY,ACCESSIT,accessit
X5YBIB,Reueué,reueue
X5YBIB,traduicte,traduicte
XAFNOE,verfasst,verfasst
XAFNOE,erkläret,erklaret
XCQGKZ,DEDICATE,dedicate
XHZ2XV,Accessit,accessit
XHZ2XV,interprete,interprete
YB32U5,Inuenté,inuente
YBCWZV,DESCRIPTE,descripte
YBCWZV,DEMONSTREE,demonstree
YCXMIJ,TRADVICTZ,tradvictz
YCXMIJ,COM- mentés,com mentes
YPQYIR,TRADVICT,tradvict
YPQYIR,COMMEN-  té,commen te
YPQYIR,traduit,traduit
YPQYIR,com- menté,com mente
YPQYIR,intitu- lé,intitu le
YQDZSW,Traduict,traduict
YQDZSW,commenté,commente
YUHFFF,INTERPRETE,interprete
Z0K13S,recens nato,recens nato
Z0K13S,edito,edito
Z0K13S,eme,eme
Z0K13S,lege,lege
Z0K13S,fruere,fruere
Z26G13,verfertiget,verfertiget
Z26G13,dargegeben,dargegeben
Z26G13,erkläret,erklaret
ZN24V0,BRING,bring
ZNLALU,Traduite,traduite
ZNLALU,illustrée,illustree
bib-1,Composé,compose
bib-10,Reueuë,reueue
bib-10,traduicte,traduicte
bib-101,SCRIPTA,scripta
bib-101,PROPOSITA,proposita
bib-101,edita,edita
bib-101,ADORNATA,adornata
bib-104,solemniter propositum,solemniter propositum
bib-104,solutum,solutum
bib-105,Addita,addita
bib-105,editus,editus
bib-106,Emendata,emendata
bib-106,repur-  gata,repur gata
bib-106,Adiæcto,adicto
bib-106,accessit,accessit
bib-106,propositum,propositum
bib-107,Adjecto,adjecto
bib-107,accessit,accessit
bib-108,accessit,accessit
bib-108,Adiæcto,adicto
bib-114,added,added
bib-117,Beschreven,beschreven
bib-117,voor oogen gestelt,voor oogen gestelt
bib-117,oversien,oversien
bib-117,verbeteret,verbeteret
bib-117,Reueüe,reueue
bib-117,Augmentée,augmentee
bib-117,Corrigée,corrigee
bib-119,verrijckt,verrijckt
bib-119,gecorrigeert,gecorrigeert
bib-120,accedit,accedit
bib-120,intexitur,intexitur
bib-121,auctior,auctior
bib-121,emendatior,emendatior
bib-121,FABRICATA,fabricata
bib-124,Cauata da,cauata da
bib-125,Cauata da,cauata da
bib-125,Ridotta,ridotta
bib-126,Cauata,cauata
bib-126,espositione,espositione
bib-126,Ridotta,ridotta
bib-127,expli- catum,expli catum
bib-13,DESCRIPTE,descripte
bib-13,DEMONSTREE,demonstree
bib-130,recogniti,recogniti
bib-130,aucti,aucti
bib-130,emendati,emendati
bib-130,locupletati,locupletati
bib-132,by-gevoegt,by gevoegt
bib-134,AUCTÆ,auct
bib-134,erfunden,erfunden
bib-134,beschrieben,beschrieben
bib-134,durchsehen,durchsehen
bib-134,gemehret,gemehret
bib-135,gegeben,gegeben
bib-135,vermehrt,vermehrt
bib-136,insérées,inserees
bib-136,corrigé,corrige
bib-136,augmenté,augmente
bib-136,revu,revu
bib-137,auctior,auctior
bib-137,emendatiorq,emendatiorq
bib-137,edita,edita
bib-137,adornata,adornata
bib-137,comprehenſa,comprehensa
bib-137,illustrata,illustrata
bib-139,Te samen gevoeght,te samen gevoeght
bib-139,Getranslateert,getranslateert
bib-139,verrijckt,verrijckt
bib-139,vermeerdert,vermeerdert
bib-139,verbeterd,verbeterd
bib-139,Oversien,oversien
bib-139,verbeteret,verbeteret
bib-140,Te samen ghevoeght,te samen ghevoeght
bib-140,Ghetranslateert,ghetranslateert
bib-140,verrijckt,verrijckt
bib-140,vermeerdert,vermeerdert
bib-140,verbeteret,verbeteret
bib-140,op nieuws oversien,op nieuws oversien
bib-140,verbetert,verbetert
bib-141,Te samen gevoeght,te samen gevoeght
bib-141,Getranslateert,getranslateert
bib-141,verrijckt,verrijckt
bib-141,vermeerdert,vermeerdert
bib-141,verbeteret,verbeteret
bib-141,op nieuws oversien,op nieuws oversien
bib-142,Te samen ghevoeght,te samen ghevoeght
bib-142,Getranslateert,getranslateert
bib-142,verrijckt,verrijckt
bib-142,vermeerdert,vermeerdert
bib-142,verbeteret,verbeteret
bib-142,overſien,oversien
bib-143,additis,additis
bib-144,Adjectâ,adjecta
bib-146,IMPRESSA,impressa
bib-147,S’INTRODVCE,sintrodvce
bib-148,Imprimé,imprime
bib-149,Composta,composta
bib-15,Reuieüe,reuieue
bib-15,augmentee,augmentee
bib-150,Discoursed,discoursed
bib-150,VVritten,vvritten
bib-150,Comprehended,comprehended
bib-151,APPRESSO,appresso
bib-151,APPROVATO,approvato
bib-151,AGGIONTE,aggionte
bib-151,ampliate,ampliate
bib-153,Augmented,augmented
bib-153,digested,digested
bib-153,finished,finished
bib-153,adjoyned,adjoyned
bib-154,augmented,augmented
bib-154,reuiwed,reuiwed
bib-154,corrected,corrected
bib-154,published,published
bib-156,TRADOTTE,tradotte
bib-157,Read Publiquely,read publiquely
bib-158,added,added
bib-158,Calculated,calculated
bib-158,compared,compared
bib-158,made,made
bib-161,edita,edita
bib-161,versa,versa
bib-161,illustrata,illustrata
bib-167,continetur,continetur
bib-169,composée,composee
bib-169,divisée,divisee
bib-169,comprenant,comprenant
bib-169,touchant,touchant
bib-172,pandit,pandit
bib-176,RECENTER EMISSA EST,recenter emissa est
bib-179,fecit,fecit
bib-18,INTITVLADA,intitvlada
bib-18,Ordenada,ordenada
bib-180,by gevoegt,by gevoegt
bib-182,diuingitur,diuingitur
bib-183,Beschreven,beschreven
bib-183,Inhoudende,inhoudende
bib-185,ghecalculeert,ghecalculeert
bib-186,traduits,traduits
bib-187,gecor- rigieerde,gecor rigieerde
bib-187,oversien,oversien
bib-187,verbeteret,verbeteret
bib-187,verbetert,verbetert
bib-187,vermeerdert,vermeerdert
bib-187,by-voeghselen,by voeghselen
bib-187,ghehouden,ghehouden
bib-187,uyt-ghegeven,uyt ghegeven
bib-187,beschreven,beschreven
bib-187,ghebracht,ghebracht
bib-187,gheproeft,gheproeft
bib-188,fecit,fecit
bib-188,illustravit,illustravit
bib-188,accesserunt,accesserunt
bib-190,added,added
bib-190,Explain’d,explaind
bib-190,Declared,declared
bib-190,Handled,handled
bib-190,Illustrated,illustrated
bib-190,digested,digested
bib-190,delivered,delivered
bib-191,added,added
bib-192,Altered,altered
bib-192,Amended,amended
bib-192,added,added
bib-192,examin’d,examind
bib-192,Added,added
bib-193,Corrected,corrected
bib-193,Enlarged,enlarged
bib-194,annexed,annexed
bib-195,Corrected,corrected
bib-195,added,added
bib-195,Collected,collected
bib-195,Methodized,methodized
bib-195,Published,published
bib-195,Performed,performed
bib-196,Containing,containing
bib-196,Adapted to the USE of,adapted to the use of
bib-196,Cast up,cast up
bib-196,Shewing,shewing
bib-196,Added,added
bib-197,Made easie,made easie
bib-198,composed,composed
bib-198,enlarged,enlarged
bib-198,revised,revised
bib-198,improved,improved
bib-199,Invented,invented
bib-199,Presented,presented
bib-2,composee,composee
bib-2,reueue,reueue
bib-2,augmen-  tée,augmen tee
bib-2,enrichie,enrichie
bib-20,TRATTA,tratta
bib-20,descritta,descritta
bib-20,Dichiarata,dichiarata
bib-200,VERNIeUWDE,vernieuwde
bib-200,Geheel Uitgewerkt,geheel uitgewerkt
bib-200,vermeerdert met,vermeerdert met
bib-202,by-gevoecht,by gevoecht
bib-203,Begonnen door,begonnen door
bib-203,volvoert door,volvoert door
bib-203,byvoegingh van,byvoegingh van
bib-204,nieuwelijck over­sien,nieuwelijck oversien
bib-204,na-ge­rekent,na gerekent
bib-204,gezuijvert,gezuijvert
bib-204,vermeerdert,vermeerdert
bib-204,over-ge­set,over geset
bib-204,by-voeginghe,by voeginghe
bib-205,gemaeckt,gemaeckt
bib-205,Geadmitteert,geadmitteert
bib-205,gedrukt,gedrukt
bib-207,gestelt,gestelt
bib-207,vermeerdert,vermeerdert
bib-207,gesuyvert,gesuyvert
bib-207,gevoeght,gevoeght
bib-207,Geadmitteert,geadmitteert
bib-208,gestelt,gestelt
bib-208,vermeerdert,vermeerdert
bib-208,gevoeght,gevoeght
bib-208,Geadmitteert,geadmitteert
bib-208,verklaert,verklaert
bib-209,ghecomponeert,ghecomponeert
bib-209,ghegheven,ghegheven
bib-209,geadmitteert,geadmitteert
bib-210,ghecomponeert,ghecomponeert
bib-210,ghegheven,ghegheven
bib-211,aenghaende,aenghaende
bib-211,beschreuen,beschreuen
bib-212,Gestelt,gestelt
bib-213,afgedeeylt,afgedeeylt
bib-213,begrepen,begrepen
bib-213,gestelt,gestelt
bib-213,vergadert,vergadert
bib-213,gheweest,gheweest
bib-215,extracted,extracted
bib-215,compil’d,compild
bib-215,added,added
bib-215,Invented,invented
bib-215,written,written
bib-216,added,added
bib-218,making,making
bib-219,added,added
bib-221,Calculated,calculated
bib-221,added,added
bib-222,newly corrected,newly corrected
bib-222,added,added
bib-224,geordnet,geordnet
bib-225,geordnet,geordnet
bib-227,Augmentée,augmentee
bib-227,Inventée,inventee
bib-227,mise nouvel- lement,mise nouvel lement
bib-228,Augmentée,augmentee
bib-228,Inventée,inventee
bib-228,mise,mise
bib-229,Tirée,tiree
bib-230,Tirée,tiree
bib-231,Tirée,tiree
bib-237,Containing,containing
bib-237,added by,added by
bib-237,added,added
bib-237,Diligently Corrected,diligently corrected
bib-237,furnished,furnished
bib-238,revue,revue
bib-238,corrigée,corrigee
bib-238,augmentée,augmentee
bib-239,Geschriben,geschriben
bib-24,INTERPRETATÆ,interpretat
bib-253,accommodatae,accommodatae
bib-253,accesserunt,accesserunt
bib-254,correctior,correctior
bib-254,auctior,auctior
bib-254,editus,editus
bib-255,aucta,aucta
bib-255,illustrata,illustrata
bib-255,Additis,additis
bib-256,Explained and Applied,explained and applied
bib-257,Published,published
bib-257,Annex,annex
bib-258,Beschreven,beschreven
bib-259,Accessit,accessit
bib-26,Tradotti,tradotti
bib-26,parte corretti,parte corretti
bib-260,overzien,overzien
bib-260,ge- betert,ge betert
bib-260,ge-   betert,ge betert
bib-260,vermeedert,vermeedert
bib-260,maken,maken
bib-261,Applied to the Art of Printing,applied to the art of printing
bib-262,Traduite,traduite
bib-262,illustrée,illustree
bib-262,contenans,contenans
bib-264,Composé,compose
bib-264,reveu,reveu
bib-264,corrigé,corrige
bib-264,augmenté en plusieurs endroits,augmente en plusieurs endroits
bib-264,illustrées,illustrees
bib-264,amplifiées,amplifiees
bib-266,Translatée,translatee
bib-266,augmentée,augmentee
bib-267,tirées du Grec,tirees du grec
bib-267,expliquées en François,expliquees en francois
bib-269,Recueüe,recueue
bib-269,corrigee,corrigee
bib-269,augmentée,augmentee
bib-27,TRADOTTA,tradotta
bib-27,aggiunta,aggiunta
bib-270,by-gevoeght,by gevoeght
bib-271,oversien,oversien
bib-271,gheſuyvert,ghesuyvert
bib-271,vermeer­dert,vermeerdert
bib-271,geacht werden,geacht werden
bib-273,enrichi de plus de quatre cens Planches gravées en Taille-douce,enrichi de plus de quatre cens planches gravees en taille douce
bib-274,explicata,explicata
bib-276,expurgati,expurgati
bib-276,aucti,aucti
bib-276,donati,donati
bib-276,editi,editi
bib-278,ge- macht,ge macht
bib-279,Surveighed and Reviewed,surveighed and reviewed
bib-280,REDVICTE,redvicte
bib-281,DEMONSTRATED,demonstrated
bib-281,Design'd,design d
bib-281,adapted,adapted
bib-282,Composé,compose
bib-282,Reueu,reueu
bib-282,augmenté,augmente
bib-283,perused,perused
bib-283,augmented,augmented
bib-283,amended,amended
bib-283,added,added
bib-284,Added,added
bib-284,intermixed,intermixed
bib-284,Corrected,corrected
bib-284,Contracted,contracted
bib-284,made,made
bib-285,Beautified,beautified
bib-285,printed,printed
bib-285,corrected,corrected
bib-285,Sette forth,sette forth
bib-31,beschrieben,beschrieben
bib-31,begriffen,begriffen
bib-36,Tradotto,tradotto
bib-40,gheleert,gheleert
bib-40,beschreven,beschreven
bib-40,ghebracht,ghebracht
bib-40,gheproeft,gheproeft
bib-41,traditur,traditur
bib-41,confirmatur,confirmatur
bib-42,ASCRIPTUS,ascriptus
bib-42,editus,editus
bib-43,COMPVESTO,compvesto
bib-43,DIRIGIDO,dirigido
bib-45,Diuise in cinque Parti,diuise in cinque parti
bib-45,TRADOTTE,tradotte
bib-45,Tradotti,tradotti
bib-45,Nuouamente poste in luce,nuouamente poste in luce
bib-47,Inuenté,inuente
bib-49,Inuenté,inuente
bib-50,explicato,explicato
bib-50,Accessit,accessit
bib-51,Composé,compose
bib-51,CONTENANT,contenant
bib-54,enrichy,enrichy
bib-55,DIVISEE,divisee
bib-55,mise en lumiere,mise en lumiere
bib-55,DIVISEE EN QVATRE LIVRES,divisee en qvatre livres
bib-55,mise en lumiere après la mort de l’Autheur,mise en lumiere apres la mort de lautheur
bib-57,CONTENANT,contenant
bib-57,de nouveaux abregéz,de nouveaux abregez
bib-58,Expliqué,explique
bib-58,demonstré,demonstre
bib-58,augmenté,augmente
bib-58,corrigée,corrigee
bib-58,augmentée,augmentee
bib-60,Diuisa in X. Libri,diuisa in x libri
bib-61,subnexa est,subnexa est
bib-63,Conscripta,conscripta
bib-66,restitutæ,restitut
bib-67,adiuncta,adiuncta
bib-68,primum excogitata,primum excogitata
bib-68,absque ulla demonstra­ tione ad nos transmissa,absque ulla demonstra tione ad nos transmissa
bib-68,iam tandem de­ monstrationibus confirmata,iam tandem de monstrationibus confirmata
bib-69,congesta,congesta
bib-69,recognita,recognita
bib-7,named,named
bib-7,diuided,diuided
bib-7,framed,framed
bib-7,finished,finished
bib-7,adioyned,adioyned
bib-70,representé,represente
bib-71,auctis,auctis
bib-71,illustratis,illustratis
bib-72,COMPLECTENS,complectens
bib-73,castigata,castigata
bib-73,elaborata,elaborata
bib-75,beschrieben,beschrieben
bib-75,vermehrt,vermehrt
bib-76,DISTRIBVTA,distribvta
bib-76,recognita,recognita
bib-76,aucta,aucta
bib-78,augmentée,augmentee
bib-78,corrigée,corrigee
bib-79,si ristringono,si ristringono
bib-8,zu sammen getzogë,zu sammen getzoge
bib-80,Augmentée,augmentee
bib-84,Ristampate,ristampate
bib-84,accre- scìute,accre sciute
bib-85,Accresciuta,accresciuta
bib-85,Dando,dando
bib-85,apportando,apportando
bib-88,nuova aggiunta,nuova aggiunta
bib-9,emissus,emissus
bib-91,Composto,composto
bib-91,Stampato,stampato
bib-91,Intitulato,intitulato
bib-91,Nuouamente Stampato,nuouamente stampato
bib-92,Accresciuto,accresciuto
bib-92,riuisto,riuisto
bib-92,corretto,corretto
bib-93,NUOVAMENTE POSTA IN LVCE,nuovamente posta in lvce
bib-94,Ristampata,ristampata
bib-94,Ricorretta,ricorretta
bib-95,adornata,adornata
bib-96,Complectens,complectens
bib-97,Continentur,continentur
bib-99,aufgesetzt,aufgesetzt
bib-99,zusammen getragen,zusammen getragen
ustc-10,enrichy,enrichy
ustc-10,composé,compose
ustc-10,Traduit,traduit
ustc-11,Enrichie de plusieurs Figures,enrichie de plusieurs figures
ustc-11,NOVVELLEMENT MISE EN LVMIERE,novvellement mise en lvmiere
ustc-11,Enrichie,enrichie
ustc-11,MISE EN LVMIERE,mise en lvmiere
ustc-13,discutées,discutees
ustc-13,reftablies,reftablies
ustc-13,proposées,proposees
ustc-14,CONTENANT,contenant
ustc-14,expoſé,expose
ustc-14,contenuz,contenuz
ustc-16,INVENTE,invente
ustc-16,DEDIE,dedie
ustc-16,DEDIE,dedie
ustc-18,RECVEILLIS,recveillis
ustc-18,DRESSEZ,dressez
ustc-19,eſt adjouté,est adjoute
ustc-19,Traduites,traduites
ustc-2,Recueillie,recueillie
ustc-2,traduite,traduite
ustc-2,Divisée,divisee
ustc-20,REPRESENTE,represente
ustc-20,expliqué,explique
ustc-26,reueuë,reueue
ustc-26,corrigée,corrigee
ustc-26,augmentée,augmentee
ustc-28,diuifée,diuifee
ustc-28,REVEE,revee
ustc-28,CORRIGEE,corrigee
ustc-28,amplifiée,amplifiee
ustc-31,Divisée,divisee
ustc-31,Recueillie,recueillie
ustc-31,traduite,traduite
ustc-32,Diuisée,diuisee
ustc-32,Recueillie,recueillie
ustc-32,traduite,traduite
ustc-33,Traduict,traduict
ustc-33,Augmenté,augmente
ustc-36,diuisee,diuisee
ustc-36,REVEVE,reveve
ustc-36,CORRIGEE,corrigee
ustc-36,amplifiee,amplifiee
ustc-38,adiouſté,adiouste
ustc-39,Reveuë,reveue
ustc-39,corrigée,corrigee
ustc-39,beaucoup augmentée,beaucoup augmentee
ustc-4,mis en lumiere,mis en lumiere
ustc-4,Reueu,reueu
ustc-4,corrigé,corrige
ustc-4,augmenté,augmente
ustc-40,Augmente'e,augmente e
ustc-42,recueu,recueu
ustc-42,corrigé,corrige
ustc-42,augmenté,augmente
ustc-44,COMPOSEE,composee
ustc-44,reueue,reueue
ustc-44,augmentée,augmentee
ustc-44,en- richie,en richie
ustc-45,Composées,composees
ustc-47,TRADVIT,tradvit
ustc-47,commenté,commente
ustc-47,illustré,illustre
ustc-48,TRADVICTE,tradvicte
ustc-49,MIS EN FRANCOIS,mis en francois
ustc-49,COMMENTEZ,commentez
ustc-49,augmentex,augmentex
ustc-5,Composées,composees
ustc-53,CONTENANT,contenant
ustc-53,augmenté,augmente
ustc-54,COMPOSEE,composee
ustc-54,augmenté,augmente
ustc-54,tiré,tire
ustc-55,EXPLICATION,explication
ustc-56,Nouvellement mis en lumiere,nouvellement mis en lumiere
ustc-57,Reueuë,reueue
ustc-57,corrigée,corrigee
ustc-57,grandement augmentée,grandement augmentee
ustc-59,Traduict,traduict
ustc-59,Augmenté,augmente
ustc-60,a mis en lumiere,a mis en lumiere
ustc-7,Renueü,renueu
ustc-7,augmentée,augmentee
ustc-8,COMPOSEE,composee
ustc-8,augmenté,augmente
ustc-8,tiré,tire
ustc-8,contenus,contenus
ustc-8,COMPOSEE,composee
ustc-8,augmenté,augmente
ustc-9,adiouſté,adiouste
