field,value,n,mode,mode_col,count,pct,overall_pct,delta_vs_overall
city,Bologna,6,sparse/canonical,mode_sparse_canonical,5,83.3,15.4,67.9
language_first,GERMAN,13,vernacular/transfer,mode_vernacular_transfer,11,84.6,37.1,47.6
city,Leipzig,5,sparse/canonical,mode_sparse_canonical,3,60.0,15.4,44.6
language_first,ITALIAN,12,sparse/canonical,mode_sparse_canonical,7,58.3,15.4,42.9
language_first,ENGLISH,20,practical/public,mode_practical_public,14,70.0,28.3,41.7
city,Basel,8,vernacular/transfer,mode_vernacular_transfer,6,75.0,37.1,37.9
metadata_additional_optics_catoptrics,True,14,vernacular/transfer,mode_vernacular_transfer,10,71.4,37.1,34.4
elements_books_group,books_1_13,5,practical/public,mode_practical_public,3,60.0,28.3,31.7
metadata_has_additional_content,True,55,composite/apparatus,mode_composite_apparatus,55,100.0,68.5,31.5
metadata_additional_data,True,20,composite/apparatus,mode_composite_apparatus,20,100.0,68.5,31.5
metadata_additional_optics_catoptrics,True,14,composite/apparatus,mode_composite_apparatus,14,100.0,68.5,31.5
metadata_additional_music_harmonics,True,9,composite/apparatus,mode_composite_apparatus,9,100.0,68.5,31.5
city,Basel,8,composite/apparatus,mode_composite_apparatus,8,100.0,68.5,31.5
elements_books_group,near_complete_or_expanded_enunciations,7,composite/apparatus,mode_composite_apparatus,7,100.0,68.5,31.5
has_diagrams_metadata,True,7,composite/apparatus,mode_composite_apparatus,7,100.0,68.5,31.5
elements_books_group,books_1_6_plus_solids,39,practical/public,mode_practical_public,23,59.0,28.3,30.7
elements_books_group,books_1_13,5,corrected/updated,mode_corrected_updated,4,80.0,50.3,29.7
elements_books_group,near_complete_or_expanded_enunciations,7,practical/public,mode_practical_public,4,57.1,28.3,28.8
city,London,20,practical/public,mode_practical_public,11,55.0,28.3,26.7
period,1550-1599,55,vernacular/transfer,mode_vernacular_transfer,35,63.6,37.1,26.6
metadata_additional_data,True,20,pedagogical/method,mode_pedagogical_method,19,95.0,70.3,24.7
city,Lyon,10,sparse/canonical,mode_sparse_canonical,4,40.0,15.4,24.6
city,Strasbourg,13,vernacular/transfer,mode_vernacular_transfer,8,61.5,37.1,24.5
city,Lyon,10,institutional/authority,mode_institutional_authority,10,100.0,76.6,23.4
language_first,SPANISH,6,institutional/authority,mode_institutional_authority,6,100.0,76.6,23.4
city,Leiden,6,institutional/authority,mode_institutional_authority,6,100.0,76.6,23.4
city,Amsterdam,15,corrected/updated,mode_corrected_updated,11,73.3,50.3,23.0
language_first,SPANISH,6,practical/public,mode_practical_public,3,50.0,28.3,21.7
language_first,ITALIAN,12,vernacular/transfer,mode_vernacular_transfer,7,58.3,37.1,21.3
elements_books_group,near_complete_or_expanded_enunciations,7,vernacular/transfer,mode_vernacular_transfer,4,57.1,37.1,20.1
has_diagrams_metadata,True,7,vernacular/transfer,mode_vernacular_transfer,4,57.1,37.1,20.1
language_first,ENGLISH,20,pedagogical/method,mode_pedagogical_method,18,90.0,70.3,19.7
city,London,20,pedagogical/method,mode_pedagogical_method,18,90.0,70.3,19.7
language_first,DUTCH,21,practical/public,mode_practical_public,10,47.6,28.3,19.3
language_first,DUTCH,21,institutional/authority,mode_institutional_authority,20,95.2,76.6,18.7
city,Cologne,9,pedagogical/method,mode_pedagogical_method,8,88.9,70.3,18.6
city,Amsterdam,15,practical/public,mode_practical_public,7,46.7,28.3,18.3
format_group,missing/unknown,18,sparse/canonical,mode_sparse_canonical,6,33.3,15.4,17.9
format_first,missing/unknown,18,sparse/canonical,mode_sparse_canonical,6,33.3,15.4,17.9
elements_books_group,near_complete_or_expanded,67,pedagogical/method,mode_pedagogical_method,59,88.1,70.3,17.8
city,Amsterdam,15,institutional/authority,mode_institutional_authority,14,93.3,76.6,16.8
format_group,folio,54,composite/apparatus,mode_composite_apparatus,46,85.2,68.5,16.7
format_first,2,54,composite/apparatus,mode_composite_apparatus,46,85.2,68.5,16.7
format_group,quarto,67,vernacular/transfer,mode_vernacular_transfer,36,53.7,37.1,16.7
format_first,4,67,vernacular/transfer,mode_vernacular_transfer,36,53.7,37.1,16.7
city,Amsterdam,15,pedagogical/method,mode_pedagogical_method,13,86.7,70.3,16.4
language_first,GREEK,16,sparse/canonical,mode_sparse_canonical,5,31.2,15.4,15.9
elements_books_group,near_complete_or_expanded_enunciations,7,pedagogical/method,mode_pedagogical_method,6,85.7,70.3,15.4
city,Strasbourg,13,sparse/canonical,mode_sparse_canonical,4,30.8,15.4,15.4
language_first,DUTCH,21,vernacular/transfer,mode_vernacular_transfer,11,52.4,37.1,15.3
elements_books_group,near_complete_or_expanded,67,composite/apparatus,mode_composite_apparatus,56,83.6,68.5,15.1
language_first,GREEK,16,humanist/ancient,mode_humanist_ancient,16,100.0,85.0,15.0
metadata_additional_optics_catoptrics,True,14,humanist/ancient,mode_humanist_ancient,14,100.0,85.0,15.0
language_first,ITALIAN,12,humanist/ancient,mode_humanist_ancient,12,100.0,85.0,15.0
city,Basel,8,humanist/ancient,mode_humanist_ancient,8,100.0,85.0,15.0
language_first,SPANISH,6,humanist/ancient,mode_humanist_ancient,6,100.0,85.0,15.0
city,Bologna,6,humanist/ancient,mode_humanist_ancient,6,100.0,85.0,15.0
elements_books_group,books_1_13,5,humanist/ancient,mode_humanist_ancient,5,100.0,85.0,15.0
format_group,6,5,humanist/ancient,mode_humanist_ancient,5,100.0,85.0,15.0
format_first,6,5,humanist/ancient,mode_humanist_ancient,5,100.0,85.0,15.0
language_first,SPANISH,6,composite/apparatus,mode_composite_apparatus,5,83.3,68.5,14.8
city,Leiden,6,composite/apparatus,mode_composite_apparatus,5,83.3,68.5,14.8
metadata_additional_data,True,20,corrected/updated,mode_corrected_updated,13,65.0,50.3,14.7
city,Rome,14,corrected/updated,mode_corrected_updated,9,64.3,50.3,13.9
elements_books_group,near_complete_or_expanded,67,vernacular/transfer,mode_vernacular_transfer,34,50.7,37.1,13.7
format_group,duodecimo,30,institutional/authority,mode_institutional_authority,27,90.0,76.6,13.4
format_first,12,30,institutional/authority,mode_institutional_authority,27,90.0,76.6,13.4
language_first,ENGLISH,20,institutional/authority,mode_institutional_authority,18,90.0,76.6,13.4
period,1550-1599,55,composite/apparatus,mode_composite_apparatus,45,81.8,68.5,13.3
elements_books_group,books_1_6_plus_solids,39,institutional/authority,mode_institutional_authority,35,89.7,76.6,13.2
language_first,FRENCH,53,practical/public,mode_practical_public,22,41.5,28.3,13.2
metadata_additional_optics_catoptrics,True,14,sparse/canonical,mode_sparse_canonical,4,28.6,15.4,13.2
language_first,ENGLISH,20,vernacular/transfer,mode_vernacular_transfer,10,50.0,37.1,12.9
language_first,GREEK,16,vernacular/transfer,mode_vernacular_transfer,8,50.0,37.1,12.9
language_first,SPANISH,6,vernacular/transfer,mode_vernacular_transfer,3,50.0,37.1,12.9
city,Bologna,6,vernacular/transfer,mode_vernacular_transfer,3,50.0,37.1,12.9
elements_books_group,books_1_6_plus_solids,39,humanist/ancient,mode_humanist_ancient,38,97.4,85.0,12.5
language_first,FRENCH,53,institutional/authority,mode_institutional_authority,47,88.7,76.6,12.1
period,1700+,40,practical/public,mode_practical_public,16,40.0,28.3,11.7
format_group,duodecimo,30,practical/public,mode_practical_public,12,40.0,28.3,11.7
format_first,12,30,practical/public,mode_practical_public,12,40.0,28.3,11.7
city,Amsterdam,15,composite/apparatus,mode_composite_apparatus,12,80.0,68.5,11.5
elements_books_group,near_complete_or_expanded,67,corrected/updated,mode_corrected_updated,41,61.2,50.3,10.8
language_first,DUTCH,21,pedagogical/method,mode_pedagogical_method,17,81.0,70.3,10.7
metadata_has_additional_content,True,55,vernacular/transfer,mode_vernacular_transfer,26,47.3,37.1,10.2
language_first,GERMAN,13,practical/public,mode_practical_public,5,38.5,28.3,10.1
period,1600-1649,75,pedagogical/method,mode_pedagogical_method,60,80.0,70.3,9.7
metadata_has_additional_content,True,55,corrected/updated,mode_corrected_updated,33,60.0,50.3,9.7
format_group,duodecimo,30,corrected/updated,mode_corrected_updated,18,60.0,50.3,9.7
format_first,12,30,corrected/updated,mode_corrected_updated,18,60.0,50.3,9.7
city,Lyon,10,corrected/updated,mode_corrected_updated,6,60.0,50.3,9.7
city,Amsterdam,15,vernacular/transfer,mode_vernacular_transfer,7,46.7,37.1,9.6
period,pre-1550,32,sparse/canonical,mode_sparse_canonical,8,25.0,15.4,9.6
elements_books_group,books_1_6_plus_solids,39,pedagogical/method,mode_pedagogical_method,31,79.5,70.3,9.2
city,Cologne,9,composite/apparatus,mode_composite_apparatus,7,77.8,68.5,9.2
elements_books_group,partial_from_book_1,8,practical/public,mode_practical_public,3,37.5,28.3,9.2
elements_books_group,near_complete_or_expanded,67,humanist/ancient,mode_humanist_ancient,63,94.0,85.0,9.1
has_diagrams_metadata,True,7,institutional/authority,mode_institutional_authority,6,85.7,76.6,9.1
period,1650-1699,83,institutional/authority,mode_institutional_authority,71,85.5,76.6,9.0
format_group,octavo,111,pedagogical/method,mode_pedagogical_method,88,79.3,70.3,9.0
format_first,8,111,pedagogical/method,mode_pedagogical_method,88,79.3,70.3,9.0
elements_books_group,books_1_6_plus_solids,39,corrected/updated,mode_corrected_updated,23,59.0,50.3,8.6
city,London,20,institutional/authority,mode_institutional_authority,17,85.0,76.6,8.4
metadata_additional_data,True,20,institutional/authority,mode_institutional_authority,17,85.0,76.6,8.4
language_first,GERMAN,13,composite/apparatus,mode_composite_apparatus,10,76.9,68.5,8.4
city,Venice,13,composite/apparatus,mode_composite_apparatus,10,76.9,68.5,8.4
elements_books_group,books_1_6,81,sparse/canonical,mode_sparse_canonical,19,23.5,15.4,8.1
metadata_additional_data,True,20,vernacular/transfer,mode_vernacular_transfer,9,45.0,37.1,7.9
language_first,DUTCH,21,composite/apparatus,mode_composite_apparatus,16,76.2,68.5,7.7
city,Venice,13,sparse/canonical,mode_sparse_canonical,3,23.1,15.4,7.7
metadata_additional_music_harmonics,True,9,vernacular/transfer,mode_vernacular_transfer,4,44.4,37.1,7.4
city,Rome,14,practical/public,mode_practical_public,5,35.7,28.3,7.4
city,Strasbourg,13,humanist/ancient,mode_humanist_ancient,12,92.3,85.0,7.3
language_first,DUTCH,21,corrected/updated,mode_corrected_updated,12,57.1,50.3,6.8
format_group,duodecimo,30,pedagogical/method,mode_pedagogical_method,23,76.7,70.3,6.4
format_first,12,30,pedagogical/method,mode_pedagogical_method,23,76.7,70.3,6.4
format_group,octavo,111,humanist/ancient,mode_humanist_ancient,101,91.0,85.0,6.0
format_first,8,111,humanist/ancient,mode_humanist_ancient,101,91.0,85.0,6.0
city,Rome,14,sparse/canonical,mode_sparse_canonical,3,21.4,15.4,6.0
elements_books_group,selected_later_books,21,humanist/ancient,mode_humanist_ancient,19,90.5,85.0,5.5
language_first,DUTCH,21,humanist/ancient,mode_humanist_ancient,19,90.5,85.0,5.5
language_first,FRENCH,53,pedagogical/method,mode_pedagogical_method,40,75.5,70.3,5.2
format_group,folio,54,corrected/updated,mode_corrected_updated,30,55.6,50.3,5.2
format_first,2,54,corrected/updated,mode_corrected_updated,30,55.6,50.3,5.2
city,Cologne,9,corrected/updated,mode_corrected_updated,5,55.6,50.3,5.2
metadata_additional_music_harmonics,True,9,corrected/updated,mode_corrected_updated,5,55.6,50.3,5.2
language_first,FRENCH,53,composite/apparatus,mode_composite_apparatus,39,73.6,68.5,5.1
format_group,duodecimo,30,humanist/ancient,mode_humanist_ancient,27,90.0,85.0,5.0
format_first,12,30,humanist/ancient,mode_humanist_ancient,27,90.0,85.0,5.0
city,Lyon,10,humanist/ancient,mode_humanist_ancient,9,90.0,85.0,5.0
city,Cologne,9,practical/public,mode_practical_public,3,33.3,28.3,5.0
period,1700+,40,pedagogical/method,mode_pedagogical_method,30,75.0,70.3,4.7
period,1700+,40,corrected/updated,mode_corrected_updated,22,55.0,50.3,4.7
language_first,ENGLISH,20,corrected/updated,mode_corrected_updated,11,55.0,50.3,4.7
city,London,20,corrected/updated,mode_corrected_updated,11,55.0,50.3,4.7
period,1700+,40,sparse/canonical,mode_sparse_canonical,8,20.0,15.4,4.6
language_first,FRENCH,53,corrected/updated,mode_corrected_updated,29,54.7,50.3,4.4
period,1650-1699,83,practical/public,mode_practical_public,27,32.5,28.3,4.2
city,Cologne,9,humanist/ancient,mode_humanist_ancient,8,88.9,85.0,3.9
city,Paris,69,composite/apparatus,mode_composite_apparatus,50,72.5,68.5,3.9
period,1650-1699,83,corrected/updated,mode_corrected_updated,45,54.2,50.3,3.9
period,1600-1649,75,institutional/authority,mode_institutional_authority,60,80.0,76.6,3.4
period,1700+,40,institutional/authority,mode_institutional_authority,32,80.0,76.6,3.4
period,1650-1699,83,pedagogical/method,mode_pedagogical_method,61,73.5,70.3,3.2
city,Paris,69,institutional/authority,mode_institutional_authority,55,79.7,76.6,3.1
elements_books_group,unknown_books,56,composite/apparatus,mode_composite_apparatus,40,71.4,68.5,2.9
city,London,20,vernacular/transfer,mode_vernacular_transfer,8,40.0,37.1,2.9
metadata_has_additional_content,False,231,practical/public,mode_practical_public,72,31.2,28.3,2.8
period,1550-1599,55,sparse/canonical,mode_sparse_canonical,10,18.2,15.4,2.8
period,1700+,40,humanist/ancient,mode_humanist_ancient,35,87.5,85.0,2.5
elements_books_group,unknown_books,56,sparse/canonical,mode_sparse_canonical,10,17.9,15.4,2.5
period,1550-1599,55,humanist/ancient,mode_humanist_ancient,48,87.3,85.0,2.3
period,1600-1649,75,composite/apparatus,mode_composite_apparatus,53,70.7,68.5,2.1
city,Paris,69,practical/public,mode_practical_public,21,30.4,28.3,2.1
city,Rome,14,institutional/authority,mode_institutional_authority,11,78.6,76.6,2.0
format_group,folio,54,pedagogical/method,mode_pedagogical_method,39,72.2,70.3,1.9
format_first,2,54,pedagogical/method,mode_pedagogical_method,39,72.2,70.3,1.9
format_group,octavo,111,institutional/authority,mode_institutional_authority,87,78.4,76.6,1.8
format_first,8,111,institutional/authority,mode_institutional_authority,87,78.4,76.6,1.8
format_group,folio,54,vernacular/transfer,mode_vernacular_transfer,21,38.9,37.1,1.8
format_first,2,54,vernacular/transfer,mode_vernacular_transfer,21,38.9,37.1,1.8
period,1600-1649,75,corrected/updated,mode_corrected_updated,39,52.0,50.3,1.7
period,1600-1649,75,vernacular/transfer,mode_vernacular_transfer,29,38.7,37.1,1.6
language_first,ENGLISH,20,composite/apparatus,mode_composite_apparatus,14,70.0,68.5,1.5
format_group,quarto,67,practical/public,mode_practical_public,20,29.9,28.3,1.5
format_first,4,67,practical/public,mode_practical_public,20,29.9,28.3,1.5
language_first,LATIN,139,corrected/updated,mode_corrected_updated,72,51.8,50.3,1.4
format_group,duodecimo,30,sparse/canonical,mode_sparse_canonical,5,16.7,15.4,1.3
format_first,12,30,sparse/canonical,mode_sparse_canonical,5,16.7,15.4,1.3
metadata_additional_music_harmonics,False,277,pedagogical/method,mode_pedagogical_method,198,71.5,70.3,1.2
metadata_additional_data,False,266,sparse/canonical,mode_sparse_canonical,44,16.5,15.4,1.2
city,Rome,14,pedagogical/method,mode_pedagogical_method,10,71.4,70.3,1.1
metadata_additional_optics_catoptrics,False,272,practical/public,mode_practical_public,80,29.4,28.3,1.1
metadata_has_additional_content,False,231,sparse/canonical,mode_sparse_canonical,38,16.5,15.4,1.1
metadata_additional_music_harmonics,False,277,humanist/ancient,mode_humanist_ancient,238,85.9,85.0,1.0
elements_books_group,near_complete_or_expanded,67,institutional/authority,mode_institutional_authority,52,77.6,76.6,1.0
period,1600-1649,75,practical/public,mode_practical_public,22,29.3,28.3,1.0
language_first,LATIN,139,pedagogical/method,mode_pedagogical_method,99,71.2,70.3,0.9
metadata_additional_music_harmonics,False,277,practical/public,mode_practical_public,81,29.2,28.3,0.9
format_group,octavo,111,composite/apparatus,mode_composite_apparatus,77,69.4,68.5,0.8
format_first,8,111,composite/apparatus,mode_composite_apparatus,77,69.4,68.5,0.8
city,Rome,14,humanist/ancient,mode_humanist_ancient,12,85.7,85.0,0.7
elements_books_group,near_complete_or_expanded_enunciations,7,humanist/ancient,mode_humanist_ancient,6,85.7,85.0,0.7
has_diagrams_metadata,True,7,humanist/ancient,mode_humanist_ancient,6,85.7,85.0,0.7
metadata_additional_music_harmonics,False,277,institutional/authority,mode_institutional_authority,214,77.3,76.6,0.7
city,Paris,69,pedagogical/method,mode_pedagogical_method,49,71.0,70.3,0.7
city,Strasbourg,13,composite/apparatus,mode_composite_apparatus,9,69.2,68.5,0.7
language_first,FRENCH,53,vernacular/transfer,mode_vernacular_transfer,20,37.7,37.1,0.7
metadata_additional_optics_catoptrics,False,272,institutional/authority,mode_institutional_authority,210,77.2,76.6,0.6
metadata_has_additional_content,True,55,pedagogical/method,mode_pedagogical_method,39,70.9,70.3,0.6
metadata_additional_data,False,266,practical/public,mode_practical_public,77,28.9,28.3,0.6
language_first,LATIN,139,composite/apparatus,mode_composite_apparatus,96,69.1,68.5,0.5
has_diagrams_metadata,False,279,corrected/updated,mode_corrected_updated,142,50.9,50.3,0.5
period,1600-1649,75,humanist/ancient,mode_humanist_ancient,64,85.3,85.0,0.4
has_diagrams_metadata,False,279,sparse/canonical,mode_sparse_canonical,44,15.8,15.4,0.4
metadata_has_additional_content,False,231,humanist/ancient,mode_humanist_ancient,197,85.3,85.0,0.3
language_first,GERMAN,13,institutional/authority,mode_institutional_authority,10,76.9,76.6,0.3
has_diagrams_metadata,False,279,pedagogical/method,mode_pedagogical_method,197,70.6,70.3,0.3
metadata_additional_optics_catoptrics,False,272,pedagogical/method,mode_pedagogical_method,192,70.6,70.3,0.3
language_first,GREEK,16,composite/apparatus,mode_composite_apparatus,11,68.8,68.5,0.2
format_group,octavo,111,corrected/updated,mode_corrected_updated,56,50.5,50.3,0.1
format_first,8,111,corrected/updated,mode_corrected_updated,56,50.5,50.3,0.1
metadata_additional_archimedes,False,286,humanist/ancient,mode_humanist_ancient,243,85.0,85.0,0.0
metadata_additional_data,False,266,humanist/ancient,mode_humanist_ancient,226,85.0,85.0,-0.0
language_first,ENGLISH,20,humanist/ancient,mode_humanist_ancient,17,85.0,85.0,0.0
city,London,20,humanist/ancient,mode_humanist_ancient,17,85.0,85.0,0.0
metadata_additional_data,True,20,humanist/ancient,mode_humanist_ancient,17,85.0,85.0,0.0
has_diagrams_metadata,False,279,humanist/ancient,mode_humanist_ancient,237,84.9,85.0,-0.0
metadata_additional_archimedes,False,286,institutional/authority,mode_institutional_authority,219,76.6,76.6,0.0
metadata_has_additional_content,False,231,institutional/authority,mode_institutional_authority,177,76.6,76.6,0.0
elements_books_group,books_1_6,81,institutional/authority,mode_institutional_authority,62,76.5,76.6,-0.0
metadata_additional_archimedes,False,286,pedagogical/method,mode_pedagogical_method,201,70.3,70.3,0.0
metadata_additional_archimedes,False,286,composite/apparatus,mode_composite_apparatus,196,68.5,68.5,0.0
metadata_additional_optics_catoptrics,False,272,corrected/updated,mode_corrected_updated,137,50.4,50.3,0.0
metadata_additional_archimedes,False,286,corrected/updated,mode_corrected_updated,144,50.3,50.3,0.0
metadata_additional_archimedes,False,286,vernacular/transfer,mode_vernacular_transfer,106,37.1,37.1,0.0
elements_books_group,books_1_6,81,vernacular/transfer,mode_vernacular_transfer,30,37.0,37.1,-0.0
metadata_additional_archimedes,False,286,practical/public,mode_practical_public,81,28.3,28.3,0.0
has_diagrams_metadata,False,279,practical/public,mode_practical_public,79,28.3,28.3,-0.0
metadata_additional_archimedes,False,286,sparse/canonical,mode_sparse_canonical,44,15.4,15.4,0.0
metadata_has_additional_content,False,231,pedagogical/method,mode_pedagogical_method,162,70.1,70.3,-0.1
format_group,octavo,111,sparse/canonical,mode_sparse_canonical,17,15.3,15.4,-0.1
format_first,8,111,sparse/canonical,mode_sparse_canonical,17,15.3,15.4,-0.1
metadata_has_additional_content,True,55,institutional/authority,mode_institutional_authority,42,76.4,76.6,-0.2
has_diagrams_metadata,False,279,institutional/authority,mode_institutional_authority,213,76.3,76.6,-0.2
metadata_additional_music_harmonics,False,277,corrected/updated,mode_corrected_updated,139,50.2,50.3,-0.2
metadata_additional_music_harmonics,False,277,vernacular/transfer,mode_vernacular_transfer,102,36.8,37.1,-0.2
metadata_additional_music_harmonics,False,277,sparse/canonical,mode_sparse_canonical,42,15.2,15.4,-0.2
language_first,GERMAN,13,humanist/ancient,mode_humanist_ancient,11,84.6,85.0,-0.3
format_group,missing/unknown,18,corrected/updated,mode_corrected_updated,9,50.0,50.3,-0.3
format_first,missing/unknown,18,corrected/updated,mode_corrected_updated,9,50.0,50.3,-0.3
language_first,GREEK,16,corrected/updated,mode_corrected_updated,8,50.0,50.3,-0.3
metadata_additional_optics_catoptrics,True,14,corrected/updated,mode_corrected_updated,7,50.0,50.3,-0.3
elements_books_group,partial_from_book_1,8,corrected/updated,mode_corrected_updated,4,50.0,50.3,-0.3
city,Basel,8,corrected/updated,mode_corrected_updated,4,50.0,50.3,-0.3
city,Bologna,6,corrected/updated,mode_corrected_updated,3,50.0,50.3,-0.3
format_group,octavo,111,practical/public,mode_practical_public,31,27.9,28.3,-0.4
format_first,8,111,practical/public,mode_practical_public,31,27.9,28.3,-0.4
has_diagrams_metadata,False,279,vernacular/transfer,mode_vernacular_transfer,102,36.6,37.1,-0.5
format_group,missing/unknown,18,practical/public,mode_practical_public,5,27.8,28.3,-0.5
format_first,missing/unknown,18,practical/public,mode_practical_public,5,27.8,28.3,-0.5
metadata_additional_data,False,266,institutional/authority,mode_institutional_authority,202,75.9,76.6,-0.6
format_group,folio,54,institutional/authority,mode_institutional_authority,41,75.9,76.6,-0.6
format_first,2,54,institutional/authority,mode_institutional_authority,41,75.9,76.6,-0.6
metadata_additional_data,False,266,vernacular/transfer,mode_vernacular_transfer,97,36.5,37.1,-0.6
metadata_additional_optics_catoptrics,False,272,sparse/canonical,mode_sparse_canonical,40,14.7,15.4,-0.7
metadata_additional_optics_catoptrics,False,272,humanist/ancient,mode_humanist_ancient,229,84.2,85.0,-0.8
has_diagrams_metadata,False,279,composite/apparatus,mode_composite_apparatus,189,67.7,68.5,-0.8
city,Paris,69,humanist/ancient,mode_humanist_ancient,58,84.1,85.0,-0.9
period,1650-1699,83,sparse/canonical,mode_sparse_canonical,12,14.5,15.4,-0.9
metadata_additional_music_harmonics,False,277,composite/apparatus,mode_composite_apparatus,187,67.5,68.5,-1.0
metadata_additional_data,False,266,corrected/updated,mode_corrected_updated,131,49.2,50.3,-1.1
elements_books_group,selected_later_books,21,sparse/canonical,mode_sparse_canonical,3,14.3,15.4,-1.1
metadata_has_additional_content,True,55,humanist/ancient,mode_humanist_ancient,46,83.6,85.0,-1.3
elements_books_group,unknown_books,56,vernacular/transfer,mode_vernacular_transfer,20,35.7,37.1,-1.3
language_first,LATIN,139,humanist/ancient,mode_humanist_ancient,116,83.5,85.0,-1.5
city,Leiden,6,humanist/ancient,mode_humanist_ancient,5,83.3,85.0,-1.6
elements_books_group,partial_from_book_1,8,institutional/authority,mode_institutional_authority,6,75.0,76.6,-1.6
metadata_additional_optics_catoptrics,False,272,composite/apparatus,mode_composite_apparatus,182,66.9,68.5,-1.6
language_first,LATIN,139,sparse/canonical,mode_sparse_canonical,19,13.7,15.4,-1.7
period,1650-1699,83,humanist/ancient,mode_humanist_ancient,69,83.1,85.0,-1.8
metadata_additional_optics_catoptrics,False,272,vernacular/transfer,mode_vernacular_transfer,96,35.3,37.1,-1.8
format_group,quarto,67,institutional/authority,mode_institutional_authority,50,74.6,76.6,-1.9
format_first,4,67,institutional/authority,mode_institutional_authority,50,74.6,76.6,-1.9
metadata_additional_data,False,266,pedagogical/method,mode_pedagogical_method,182,68.4,70.3,-1.9
elements_books_group,books_1_6,81,humanist/ancient,mode_humanist_ancient,67,82.7,85.0,-2.2
metadata_has_additional_content,False,231,corrected/updated,mode_corrected_updated,111,48.1,50.3,-2.3
city,Paris,69,vernacular/transfer,mode_vernacular_transfer,24,34.8,37.1,-2.3
elements_books_group,books_1_6,81,pedagogical/method,mode_pedagogical_method,55,67.9,70.3,-2.4
metadata_additional_data,False,266,composite/apparatus,mode_composite_apparatus,176,66.2,68.5,-2.4
metadata_has_additional_content,False,231,vernacular/transfer,mode_vernacular_transfer,80,34.6,37.1,-2.4
city,Paris,69,corrected/updated,mode_corrected_updated,33,47.8,50.3,-2.5
format_group,octavo,111,vernacular/transfer,mode_vernacular_transfer,38,34.2,37.1,-2.8
format_first,8,111,vernacular/transfer,mode_vernacular_transfer,38,34.2,37.1,-2.8
format_group,quarto,67,composite/apparatus,mode_composite_apparatus,44,65.7,68.5,-2.9
format_first,4,67,composite/apparatus,mode_composite_apparatus,44,65.7,68.5,-2.9
period,pre-1550,32,composite/apparatus,mode_composite_apparatus,21,65.6,68.5,-2.9
period,1550-1599,55,corrected/updated,mode_corrected_updated,26,47.3,50.3,-3.1
language_first,ITALIAN,12,practical/public,mode_practical_public,3,25.0,28.3,-3.3
format_group,quarto,67,sparse/canonical,mode_sparse_canonical,8,11.9,15.4,-3.4
format_first,4,67,sparse/canonical,mode_sparse_canonical,8,11.9,15.4,-3.4
format_group,folio,54,humanist/ancient,mode_humanist_ancient,44,81.5,85.0,-3.5
format_first,2,54,humanist/ancient,mode_humanist_ancient,44,81.5,85.0,-3.5
period,1700+,40,composite/apparatus,mode_composite_apparatus,26,65.0,68.5,-3.5
city,London,20,composite/apparatus,mode_composite_apparatus,13,65.0,68.5,-3.5
language_first,SPANISH,6,pedagogical/method,mode_pedagogical_method,4,66.7,70.3,-3.6
city,Leiden,6,pedagogical/method,mode_pedagogical_method,4,66.7,70.3,-3.6
period,pre-1550,32,humanist/ancient,mode_humanist_ancient,26,81.2,85.0,-3.7
city,Rome,14,composite/apparatus,mode_composite_apparatus,9,64.3,68.5,-4.2
city,Strasbourg,13,corrected/updated,mode_corrected_updated,6,46.2,50.3,-4.2
city,Venice,13,corrected/updated,mode_corrected_updated,6,46.2,50.3,-4.2
metadata_has_additional_content,True,55,sparse/canonical,mode_sparse_canonical,6,10.9,15.4,-4.5
language_first,LATIN,139,institutional/authority,mode_institutional_authority,100,71.9,76.6,-4.6
elements_books_group,books_1_6,81,corrected/updated,mode_corrected_updated,37,45.7,50.3,-4.7
elements_books_group,books_1_6,81,practical/public,mode_practical_public,19,23.5,28.3,-4.9
city,Amsterdam,15,humanist/ancient,mode_humanist_ancient,12,80.0,85.0,-5.0
city,Leipzig,5,humanist/ancient,mode_humanist_ancient,4,80.0,85.0,-5.0
elements_books_group,unknown_books,56,institutional/authority,mode_institutional_authority,40,71.4,76.6,-5.1
elements_books_group,selected_later_books,21,institutional/authority,mode_institutional_authority,15,71.4,76.6,-5.1
elements_books_group,unknown_books,56,practical/public,mode_practical_public,13,23.2,28.3,-5.1
elements_books_group,books_1_6_plus_solids,39,sparse/canonical,mode_sparse_canonical,4,10.3,15.4,-5.1
city,Venice,13,practical/public,mode_practical_public,3,23.1,28.3,-5.2
elements_books_group,books_1_6,81,composite/apparatus,mode_composite_apparatus,51,63.0,68.5,-5.6
language_first,FRENCH,53,humanist/ancient,mode_humanist_ancient,42,79.2,85.0,-5.7
period,1550-1599,55,institutional/authority,mode_institutional_authority,39,70.9,76.6,-5.7
elements_books_group,unknown_books,56,corrected/updated,mode_corrected_updated,25,44.6,50.3,-5.7
metadata_additional_optics_catoptrics,True,14,pedagogical/method,mode_pedagogical_method,9,64.3,70.3,-6.0
format_group,folio,54,practical/public,mode_practical_public,12,22.2,28.3,-6.1
format_first,2,54,practical/public,mode_practical_public,12,22.2,28.3,-6.1
format_group,folio,54,sparse/canonical,mode_sparse_canonical,5,9.3,15.4,-6.1
format_first,2,54,sparse/canonical,mode_sparse_canonical,5,9.3,15.4,-6.1
elements_books_group,near_complete_or_expanded,67,sparse/canonical,mode_sparse_canonical,6,9.0,15.4,-6.4
period,1550-1599,55,pedagogical/method,mode_pedagogical_method,35,63.6,70.3,-6.6
elements_books_group,selected_later_books,21,composite/apparatus,mode_composite_apparatus,13,61.9,68.5,-6.6
format_group,quarto,67,corrected/updated,mode_corrected_updated,29,43.3,50.3,-7.1
format_first,4,67,corrected/updated,mode_corrected_updated,29,43.3,50.3,-7.1
period,1700+,40,vernacular/transfer,mode_vernacular_transfer,12,30.0,37.1,-7.1
city,Lyon,10,vernacular/transfer,mode_vernacular_transfer,3,30.0,37.1,-7.1
format_group,quarto,67,humanist/ancient,mode_humanist_ancient,52,77.6,85.0,-7.4
format_first,4,67,humanist/ancient,mode_humanist_ancient,52,77.6,85.0,-7.4
metadata_has_additional_content,False,231,composite/apparatus,mode_composite_apparatus,141,61.0,68.5,-7.5
city,Basel,8,pedagogical/method,mode_pedagogical_method,5,62.5,70.3,-7.8
period,1650-1699,83,composite/apparatus,mode_composite_apparatus,50,60.2,68.5,-8.3
period,1550-1599,55,practical/public,mode_practical_public,11,20.0,28.3,-8.3
metadata_additional_data,True,20,practical/public,mode_practical_public,4,20.0,28.3,-8.3
format_group,duodecimo,30,composite/apparatus,mode_composite_apparatus,18,60.0,68.5,-8.5
format_first,12,30,composite/apparatus,mode_composite_apparatus,18,60.0,68.5,-8.5
city,Leipzig,5,composite/apparatus,mode_composite_apparatus,3,60.0,68.5,-8.5
elements_books_group,selected_later_books,21,vernacular/transfer,mode_vernacular_transfer,6,28.6,37.1,-8.5
city,Rome,14,vernacular/transfer,mode_vernacular_transfer,4,28.6,37.1,-8.5
language_first,GERMAN,13,pedagogical/method,mode_pedagogical_method,8,61.5,70.3,-8.7
city,Strasbourg,13,pedagogical/method,mode_pedagogical_method,8,61.5,70.3,-8.7
language_first,ITALIAN,12,corrected/updated,mode_corrected_updated,5,41.7,50.3,-8.7
period,1600-1649,75,sparse/canonical,mode_sparse_canonical,5,6.7,15.4,-8.7
elements_books_group,books_1_6_plus_solids,39,composite/apparatus,mode_composite_apparatus,23,59.0,68.5,-9.6
city,Paris,69,sparse/canonical,mode_sparse_canonical,4,5.8,15.4,-9.6
language_first,FRENCH,53,sparse/canonical,mode_sparse_canonical,3,5.7,15.4,-9.7
language_first,ITALIAN,12,institutional/authority,mode_institutional_authority,8,66.7,76.6,-9.9
city,Bologna,6,institutional/authority,mode_institutional_authority,4,66.7,76.6,-9.9
city,Lyon,10,pedagogical/method,mode_pedagogical_method,6,60.0,70.3,-10.3
elements_books_group,books_1_13,5,pedagogical/method,mode_pedagogical_method,3,60.0,70.3,-10.3
elements_books_group,near_complete_or_expanded,67,practical/public,mode_practical_public,12,17.9,28.3,-10.4
language_first,LATIN,139,practical/public,mode_practical_public,24,17.3,28.3,-11.1
period,1650-1699,83,vernacular/transfer,mode_vernacular_transfer,21,25.3,37.1,-11.8
metadata_has_additional_content,True,55,practical/public,mode_practical_public,9,16.4,28.3,-12.0
format_group,quarto,67,pedagogical/method,mode_pedagogical_method,39,58.2,70.3,-12.1
format_first,4,67,pedagogical/method,mode_pedagogical_method,39,58.2,70.3,-12.1
period,pre-1550,32,vernacular/transfer,mode_vernacular_transfer,8,25.0,37.1,-12.1
metadata_additional_optics_catoptrics,True,14,institutional/authority,mode_institutional_authority,9,64.3,76.6,-12.3
language_first,LATIN,139,vernacular/transfer,mode_vernacular_transfer,34,24.5,37.1,-12.6
format_group,missing/unknown,18,humanist/ancient,mode_humanist_ancient,13,72.2,85.0,-12.7
format_first,missing/unknown,18,humanist/ancient,mode_humanist_ancient,13,72.2,85.0,-12.7
period,pre-1550,32,practical/public,mode_practical_public,5,15.6,28.3,-12.7
period,pre-1550,32,corrected/updated,mode_corrected_updated,12,37.5,50.3,-12.8
elements_books_group,selected_later_books,21,pedagogical/method,mode_pedagogical_method,12,57.1,70.3,-13.1
has_diagrams_metadata,True,7,pedagogical/method,mode_pedagogical_method,4,57.1,70.3,-13.1
elements_books_group,books_1_6_plus_solids,39,vernacular/transfer,mode_vernacular_transfer,9,23.1,37.1,-14.0
city,Venice,13,vernacular/transfer,mode_vernacular_transfer,3,23.1,37.1,-14.0
elements_books_group,selected_later_books,21,practical/public,mode_practical_public,3,14.3,28.3,-14.0
city,Basel,8,institutional/authority,mode_institutional_authority,5,62.5,76.6,-14.1
format_group,missing/unknown,18,pedagogical/method,mode_pedagogical_method,10,55.6,70.3,-14.7
format_first,missing/unknown,18,pedagogical/method,mode_pedagogical_method,10,55.6,70.3,-14.7
format_group,missing/unknown,18,vernacular/transfer,mode_vernacular_transfer,4,22.2,37.1,-14.8
format_first,missing/unknown,18,vernacular/transfer,mode_vernacular_transfer,4,22.2,37.1,-14.8
city,Venice,13,humanist/ancient,mode_humanist_ancient,9,69.2,85.0,-15.7
elements_books_group,books_1_13,5,institutional/authority,mode_institutional_authority,3,60.0,76.6,-16.6
format_group,6,5,institutional/authority,mode_institutional_authority,3,60.0,76.6,-16.6
format_first,6,5,institutional/authority,mode_institutional_authority,3,60.0,76.6,-16.6
city,Leipzig,5,institutional/authority,mode_institutional_authority,3,60.0,76.6,-16.6
elements_books_group,selected_later_books,21,corrected/updated,mode_corrected_updated,7,33.3,50.3,-17.0
elements_books_group,unknown_books,56,humanist/ancient,mode_humanist_ancient,38,67.9,85.0,-17.1
format_group,duodecimo,30,vernacular/transfer,mode_vernacular_transfer,6,20.0,37.1,-17.1
format_first,12,30,vernacular/transfer,mode_vernacular_transfer,6,20.0,37.1,-17.1
elements_books_group,unknown_books,56,pedagogical/method,mode_pedagogical_method,29,51.8,70.3,-18.5
format_group,missing/unknown,18,composite/apparatus,mode_composite_apparatus,9,50.0,68.5,-18.5
format_first,missing/unknown,18,composite/apparatus,mode_composite_apparatus,9,50.0,68.5,-18.5
city,Lyon,10,composite/apparatus,mode_composite_apparatus,5,50.0,68.5,-18.5
elements_books_group,partial_from_book_1,8,composite/apparatus,mode_composite_apparatus,4,50.0,68.5,-18.5
elements_books_group,near_complete_or_expanded_enunciations,7,institutional/authority,mode_institutional_authority,4,57.1,76.6,-19.4
language_first,GERMAN,13,corrected/updated,mode_corrected_updated,4,30.8,50.3,-19.6
language_first,GREEK,16,pedagogical/method,mode_pedagogical_method,8,50.0,70.3,-20.3
elements_books_group,partial_from_book_1,8,pedagogical/method,mode_pedagogical_method,4,50.0,70.3,-20.3
format_group,missing/unknown,18,institutional/authority,mode_institutional_authority,10,55.6,76.6,-21.0
format_first,missing/unknown,18,institutional/authority,mode_institutional_authority,10,55.6,76.6,-21.0
city,Cologne,9,institutional/authority,mode_institutional_authority,5,55.6,76.6,-21.0
metadata_additional_music_harmonics,True,9,institutional/authority,mode_institutional_authority,5,55.6,76.6,-21.0
elements_books_group,partial_from_book_1,8,humanist/ancient,mode_humanist_ancient,5,62.5,85.0,-22.5
city,Strasbourg,13,institutional/authority,mode_institutional_authority,7,53.8,76.6,-22.7
period,pre-1550,32,pedagogical/method,mode_pedagogical_method,15,46.9,70.3,-23.4
period,pre-1550,32,institutional/authority,mode_institutional_authority,16,50.0,76.6,-26.6
language_first,GREEK,16,institutional/authority,mode_institutional_authority,8,50.0,76.6,-26.6
language_first,ITALIAN,12,pedagogical/method,mode_pedagogical_method,5,41.7,70.3,-28.6
metadata_additional_music_harmonics,True,9,humanist/ancient,mode_humanist_ancient,5,55.6,85.0,-29.4
city,Venice,13,institutional/authority,mode_institutional_authority,6,46.2,76.6,-30.4
city,Venice,13,pedagogical/method,mode_pedagogical_method,5,38.5,70.3,-31.8
language_first,ITALIAN,12,composite/apparatus,mode_composite_apparatus,4,33.3,68.5,-35.2
metadata_additional_music_harmonics,True,9,pedagogical/method,mode_pedagogical_method,3,33.3,70.3,-36.9
