mode,mode_col,feature,mode_n,mode_count,mode_pct,non_elements_pct,delta_vs_non_elements
composite/apparatus,mode_composite_apparatus,claim_ancient_authority_restoration,196,173,88.3,12.0,76.2
composite/apparatus,mode_composite_apparatus,claim_canonical_textual_identity,196,177,90.3,26.6,63.7
composite/apparatus,mode_composite_apparatus,procedural_pedagogical_identity,196,137,69.9,10.6,59.3
composite/apparatus,mode_composite_apparatus,claim_method_demonstration_order,196,94,48.0,16.3,31.6
composite/apparatus,mode_composite_apparatus,claim_augmentation_enrichment_composition,196,117,59.7,28.7,31.0
composite/apparatus,mode_composite_apparatus,humanist_transfer_book,196,58,29.6,1.6,28.0
composite/apparatus,mode_composite_apparatus,composite_workshop_book,196,102,52.0,25.3,26.7
composite/apparatus,mode_composite_apparatus,claim_translation_vernacularization_transfer,196,61,31.1,8.4,22.7
composite/apparatus,mode_composite_apparatus,learned_scholarly_arena,196,76,38.8,19.7,19.0
composite/apparatus,mode_composite_apparatus,religious_institutional_arena,196,50,25.5,7.4,18.1
composite/apparatus,mode_composite_apparatus,claim_correction_revision_accuracy,196,55,28.1,11.5,16.6
composite/apparatus,mode_composite_apparatus,pedagogical_school_arena,196,53,27.0,11.8,15.2
composite/apparatus,mode_composite_apparatus,claim_selection_extraction_abridgment,196,37,18.9,7.0,11.9
composite/apparatus,mode_composite_apparatus,claim_accessibility_clarity_pedagogy,196,38,19.4,9.3,10.1
composite/apparatus,mode_composite_apparatus,claim_visual_material_aids,196,45,23.0,14.4,8.6
composite/apparatus,mode_composite_apparatus,inst_jesuit,196,21,10.7,2.3,8.4
composite/apparatus,mode_composite_apparatus,method_access_book,196,24,12.2,4.3,7.9
composite/apparatus,mode_composite_apparatus,claim_completeness_totality_system,196,35,17.9,11.8,6.0
composite/apparatus,mode_composite_apparatus,role_mathematics_professor_lecturer,196,21,10.7,6.8,3.9
composite/apparatus,mode_composite_apparatus,aud_students_learners,196,8,4.1,1.1,3.0
composite/apparatus,mode_composite_apparatus,military_fortification_arena,196,4,2.0,2.2,-0.1
composite/apparatus,mode_composite_apparatus,inst_universities_academies_colleges,196,3,1.5,1.8,-0.3
composite/apparatus,mode_composite_apparatus,general_public_lovers_arena,196,12,6.1,6.8,-0.7
composite/apparatus,mode_composite_apparatus,aud_military_users,196,0,0.0,1.1,-1.1
composite/apparatus,mode_composite_apparatus,aud_general_readers_lovers,196,6,3.1,5.2,-2.1
composite/apparatus,mode_composite_apparatus,utility_public_book,196,12,6.1,8.4,-2.3
composite/apparatus,mode_composite_apparatus,professional_practical_arena,196,11,5.6,8.1,-2.5
composite/apparatus,mode_composite_apparatus,sparse_canonical_identity,196,4,2.0,6.3,-4.2
composite/apparatus,mode_composite_apparatus,claim_utility_practice_application,196,21,10.7,17.8,-7.1
composite/apparatus,mode_composite_apparatus,no_visible_social_arena,196,69,35.2,60.5,-25.3
corrected/updated,mode_corrected_updated,claim_ancient_authority_restoration,144,130,90.3,12.0,78.2
corrected/updated,mode_corrected_updated,claim_canonical_textual_identity,144,133,92.4,26.6,65.8
corrected/updated,mode_corrected_updated,procedural_pedagogical_identity,144,109,75.7,10.6,65.1
corrected/updated,mode_corrected_updated,claim_method_demonstration_order,144,73,50.7,16.3,34.4
corrected/updated,mode_corrected_updated,claim_correction_revision_accuracy,144,66,45.8,11.5,34.3
corrected/updated,mode_corrected_updated,humanist_transfer_book,144,48,33.3,1.6,31.7
corrected/updated,mode_corrected_updated,claim_translation_vernacularization_transfer,144,50,34.7,8.4,26.3
corrected/updated,mode_corrected_updated,claim_augmentation_enrichment_composition,144,77,53.5,28.7,24.7
corrected/updated,mode_corrected_updated,religious_institutional_arena,144,45,31.2,7.4,23.9
corrected/updated,mode_corrected_updated,composite_workshop_book,144,69,47.9,25.3,22.6
corrected/updated,mode_corrected_updated,learned_scholarly_arena,144,48,33.3,19.7,13.6
corrected/updated,mode_corrected_updated,pedagogical_school_arena,144,35,24.3,11.8,12.5
corrected/updated,mode_corrected_updated,claim_accessibility_clarity_pedagogy,144,30,20.8,9.3,11.5
corrected/updated,mode_corrected_updated,claim_visual_material_aids,144,37,25.7,14.4,11.3
corrected/updated,mode_corrected_updated,method_access_book,144,22,15.3,4.3,11.0
corrected/updated,mode_corrected_updated,inst_jesuit,144,19,13.2,2.3,10.9
corrected/updated,mode_corrected_updated,claim_selection_extraction_abridgment,144,25,17.4,7.0,10.4
corrected/updated,mode_corrected_updated,claim_completeness_totality_system,144,24,16.7,11.8,4.8
corrected/updated,mode_corrected_updated,role_mathematics_professor_lecturer,144,16,11.1,6.8,4.3
corrected/updated,mode_corrected_updated,aud_students_learners,144,7,4.9,1.1,3.8
corrected/updated,mode_corrected_updated,general_public_lovers_arena,144,13,9.0,6.8,2.2
corrected/updated,mode_corrected_updated,aud_military_users,144,2,1.4,1.1,0.3
corrected/updated,mode_corrected_updated,inst_universities_academies_colleges,144,2,1.4,1.8,-0.4
corrected/updated,mode_corrected_updated,military_fortification_arena,144,2,1.4,2.2,-0.8
corrected/updated,mode_corrected_updated,aud_general_readers_lovers,144,5,3.5,5.2,-1.7
corrected/updated,mode_corrected_updated,professional_practical_arena,144,8,5.6,8.1,-2.5
corrected/updated,mode_corrected_updated,utility_public_book,144,8,5.6,8.4,-2.9
corrected/updated,mode_corrected_updated,sparse_canonical_identity,144,3,2.1,6.3,-4.2
corrected/updated,mode_corrected_updated,claim_utility_practice_application,144,13,9.0,17.8,-8.7
corrected/updated,mode_corrected_updated,no_visible_social_arena,144,47,32.6,60.5,-27.9
humanist/ancient,mode_humanist_ancient,claim_ancient_authority_restoration,243,238,97.9,12.0,85.9
humanist/ancient,mode_humanist_ancient,claim_canonical_textual_identity,243,237,97.5,26.6,71.0
humanist/ancient,mode_humanist_ancient,procedural_pedagogical_identity,243,161,66.3,10.6,55.7
humanist/ancient,mode_humanist_ancient,claim_method_demonstration_order,243,111,45.7,16.3,29.3
humanist/ancient,mode_humanist_ancient,humanist_transfer_book,243,71,29.2,1.6,27.6
humanist/ancient,mode_humanist_ancient,claim_translation_vernacularization_transfer,243,71,29.2,8.4,20.8
humanist/ancient,mode_humanist_ancient,claim_augmentation_enrichment_composition,243,105,43.2,28.7,14.5
humanist/ancient,mode_humanist_ancient,claim_correction_revision_accuracy,243,62,25.5,11.5,14.0
humanist/ancient,mode_humanist_ancient,religious_institutional_arena,243,52,21.4,7.4,14.0
humanist/ancient,mode_humanist_ancient,learned_scholarly_arena,243,82,33.7,19.7,14.0
humanist/ancient,mode_humanist_ancient,claim_selection_extraction_abridgment,243,48,19.8,7.0,12.8
humanist/ancient,mode_humanist_ancient,pedagogical_school_arena,243,60,24.7,11.8,12.8
humanist/ancient,mode_humanist_ancient,composite_workshop_book,243,92,37.9,25.3,12.5
humanist/ancient,mode_humanist_ancient,claim_accessibility_clarity_pedagogy,243,44,18.1,9.3,8.8
humanist/ancient,mode_humanist_ancient,method_access_book,243,28,11.5,4.3,7.2
humanist/ancient,mode_humanist_ancient,claim_completeness_totality_system,243,45,18.5,11.8,6.7
humanist/ancient,mode_humanist_ancient,inst_jesuit,243,21,8.6,2.3,6.3
humanist/ancient,mode_humanist_ancient,claim_visual_material_aids,243,45,18.5,14.4,4.2
humanist/ancient,mode_humanist_ancient,role_mathematics_professor_lecturer,243,22,9.1,6.8,2.2
humanist/ancient,mode_humanist_ancient,aud_students_learners,243,7,2.9,1.1,1.8
humanist/ancient,mode_humanist_ancient,military_fortification_arena,243,8,3.3,2.2,1.1
humanist/ancient,mode_humanist_ancient,sparse_canonical_identity,243,15,6.2,6.3,-0.1
humanist/ancient,mode_humanist_ancient,inst_universities_academies_colleges,243,4,1.6,1.8,-0.1
humanist/ancient,mode_humanist_ancient,general_public_lovers_arena,243,16,6.6,6.8,-0.2
humanist/ancient,mode_humanist_ancient,aud_military_users,243,2,0.8,1.1,-0.3
humanist/ancient,mode_humanist_ancient,aud_general_readers_lovers,243,10,4.1,5.2,-1.1
humanist/ancient,mode_humanist_ancient,utility_public_book,243,13,5.3,8.4,-3.1
humanist/ancient,mode_humanist_ancient,professional_practical_arena,243,12,4.9,8.1,-3.1
humanist/ancient,mode_humanist_ancient,claim_utility_practice_application,243,22,9.1,17.8,-8.7
humanist/ancient,mode_humanist_ancient,no_visible_social_arena,243,99,40.7,60.5,-19.8
institutional/authority,mode_institutional_authority,claim_ancient_authority_restoration,219,193,88.1,12.0,76.1
institutional/authority,mode_institutional_authority,claim_canonical_textual_identity,219,201,91.8,26.6,65.2
institutional/authority,mode_institutional_authority,procedural_pedagogical_identity,219,141,64.4,10.6,53.8
institutional/authority,mode_institutional_authority,claim_method_demonstration_order,219,105,47.9,16.3,31.6
institutional/authority,mode_institutional_authority,humanist_transfer_book,219,60,27.4,1.6,25.8
institutional/authority,mode_institutional_authority,learned_scholarly_arena,219,92,42.0,19.7,22.3
institutional/authority,mode_institutional_authority,religious_institutional_arena,219,60,27.4,7.4,20.0
institutional/authority,mode_institutional_authority,claim_translation_vernacularization_transfer,219,61,27.9,8.4,19.4
institutional/authority,mode_institutional_authority,claim_augmentation_enrichment_composition,219,104,47.5,28.7,18.8
institutional/authority,mode_institutional_authority,pedagogical_school_arena,219,67,30.6,11.8,18.7
institutional/authority,mode_institutional_authority,claim_correction_revision_accuracy,219,63,28.8,11.5,17.3
institutional/authority,mode_institutional_authority,composite_workshop_book,219,92,42.0,25.3,16.7
institutional/authority,mode_institutional_authority,claim_selection_extraction_abridgment,219,43,19.6,7.0,12.6
institutional/authority,mode_institutional_authority,inst_jesuit,219,25,11.4,2.3,9.1
institutional/authority,mode_institutional_authority,claim_accessibility_clarity_pedagogy,219,39,17.8,9.3,8.5
institutional/authority,mode_institutional_authority,method_access_book,219,27,12.3,4.3,8.0
institutional/authority,mode_institutional_authority,claim_visual_material_aids,219,45,20.5,14.4,6.2
institutional/authority,mode_institutional_authority,role_mathematics_professor_lecturer,219,26,11.9,6.8,5.0
institutional/authority,mode_institutional_authority,claim_completeness_totality_system,219,34,15.5,11.8,3.7
institutional/authority,mode_institutional_authority,aud_students_learners,219,8,3.7,1.1,2.6
institutional/authority,mode_institutional_authority,military_fortification_arena,219,8,3.7,2.2,1.5
institutional/authority,mode_institutional_authority,general_public_lovers_arena,219,18,8.2,6.8,1.4
institutional/authority,mode_institutional_authority,inst_universities_academies_colleges,219,5,2.3,1.8,0.5
institutional/authority,mode_institutional_authority,aud_military_users,219,3,1.4,1.1,0.3
institutional/authority,mode_institutional_authority,aud_general_readers_lovers,219,9,4.1,5.2,-1.1
institutional/authority,mode_institutional_authority,utility_public_book,219,13,5.9,8.4,-2.5
institutional/authority,mode_institutional_authority,professional_practical_arena,219,12,5.5,8.1,-2.6
institutional/authority,mode_institutional_authority,sparse_canonical_identity,219,6,2.7,6.3,-3.5
institutional/authority,mode_institutional_authority,claim_utility_practice_application,219,21,9.6,17.8,-8.2
institutional/authority,mode_institutional_authority,no_visible_social_arena,219,61,27.9,60.5,-32.6
pedagogical/method,mode_pedagogical_method,claim_ancient_authority_restoration,201,186,92.5,12.0,80.5
pedagogical/method,mode_pedagogical_method,procedural_pedagogical_identity,201,163,81.1,10.6,70.5
pedagogical/method,mode_pedagogical_method,claim_canonical_textual_identity,201,193,96.0,26.6,69.4
pedagogical/method,mode_pedagogical_method,claim_method_demonstration_order,201,120,59.7,16.3,43.4
pedagogical/method,mode_pedagogical_method,humanist_transfer_book,201,57,28.4,1.6,26.7
pedagogical/method,mode_pedagogical_method,claim_augmentation_enrichment_composition,201,105,52.2,28.7,23.5
pedagogical/method,mode_pedagogical_method,pedagogical_school_arena,201,67,33.3,11.8,21.5
pedagogical/method,mode_pedagogical_method,composite_workshop_book,201,92,45.8,25.3,20.5
pedagogical/method,mode_pedagogical_method,learned_scholarly_arena,201,81,40.3,19.7,20.5
pedagogical/method,mode_pedagogical_method,claim_translation_vernacularization_transfer,201,58,28.9,8.4,20.4
pedagogical/method,mode_pedagogical_method,claim_correction_revision_accuracy,201,59,29.4,11.5,17.9
pedagogical/method,mode_pedagogical_method,claim_selection_extraction_abridgment,201,50,24.9,7.0,17.9
pedagogical/method,mode_pedagogical_method,religious_institutional_arena,201,49,24.4,7.4,17.0
pedagogical/method,mode_pedagogical_method,claim_accessibility_clarity_pedagogy,201,45,22.4,9.3,13.1
pedagogical/method,mode_pedagogical_method,claim_completeness_totality_system,201,44,21.9,11.8,10.0
pedagogical/method,mode_pedagogical_method,method_access_book,201,28,13.9,4.3,9.6
pedagogical/method,mode_pedagogical_method,inst_jesuit,201,22,10.9,2.3,8.6
pedagogical/method,mode_pedagogical_method,claim_visual_material_aids,201,43,21.4,14.4,7.0
pedagogical/method,mode_pedagogical_method,role_mathematics_professor_lecturer,201,22,10.9,6.8,4.1
pedagogical/method,mode_pedagogical_method,aud_students_learners,201,10,5.0,1.1,3.9
pedagogical/method,mode_pedagogical_method,inst_universities_academies_colleges,201,5,2.5,1.8,0.7
pedagogical/method,mode_pedagogical_method,general_public_lovers_arena,201,14,7.0,6.8,0.1
pedagogical/method,mode_pedagogical_method,military_fortification_arena,201,4,2.0,2.2,-0.2
pedagogical/method,mode_pedagogical_method,aud_military_users,201,0,0.0,1.1,-1.1
pedagogical/method,mode_pedagogical_method,utility_public_book,201,13,6.5,8.4,-2.0
pedagogical/method,mode_pedagogical_method,professional_practical_arena,201,12,6.0,8.1,-2.1
pedagogical/method,mode_pedagogical_method,aud_general_readers_lovers,201,6,3.0,5.2,-2.2
pedagogical/method,mode_pedagogical_method,sparse_canonical_identity,201,2,1.0,6.3,-5.3
pedagogical/method,mode_pedagogical_method,claim_utility_practice_application,201,22,10.9,17.8,-6.8
pedagogical/method,mode_pedagogical_method,no_visible_social_arena,201,65,32.3,60.5,-28.2
practical/public,mode_practical_public,claim_ancient_authority_restoration,81,75,92.6,12.0,80.6
practical/public,mode_practical_public,procedural_pedagogical_identity,81,69,85.2,10.6,74.6
practical/public,mode_practical_public,claim_canonical_textual_identity,81,79,97.5,26.6,71.0
practical/public,mode_practical_public,claim_accessibility_clarity_pedagogy,81,45,55.6,9.3,46.2
practical/public,mode_practical_public,claim_method_demonstration_order,81,41,50.6,16.3,34.3
practical/public,mode_practical_public,method_access_book,81,28,34.6,4.3,30.3
practical/public,mode_practical_public,claim_selection_extraction_abridgment,81,30,37.0,7.0,30.0
practical/public,mode_practical_public,claim_augmentation_enrichment_composition,81,45,55.6,28.7,26.8
practical/public,mode_practical_public,claim_correction_revision_accuracy,81,28,34.6,11.5,23.1
practical/public,mode_practical_public,composite_workshop_book,81,36,44.4,25.3,19.1
practical/public,mode_practical_public,humanist_transfer_book,81,16,19.8,1.6,18.1
practical/public,mode_practical_public,pedagogical_school_arena,81,24,29.6,11.8,17.8
practical/public,mode_practical_public,general_public_lovers_arena,81,18,22.2,6.8,15.4
practical/public,mode_practical_public,claim_translation_vernacularization_transfer,81,17,21.0,8.4,12.5
practical/public,mode_practical_public,religious_institutional_arena,81,14,17.3,7.4,9.9
practical/public,mode_practical_public,learned_scholarly_arena,81,24,29.6,19.7,9.9
practical/public,mode_practical_public,claim_utility_practice_application,81,22,27.2,17.8,9.4
practical/public,mode_practical_public,military_fortification_arena,81,9,11.1,2.2,9.0
practical/public,mode_practical_public,role_mathematics_professor_lecturer,81,12,14.8,6.8,8.0
practical/public,mode_practical_public,utility_public_book,81,13,16.0,8.4,7.6
practical/public,mode_practical_public,inst_jesuit,81,8,9.9,2.3,7.5
practical/public,mode_practical_public,professional_practical_arena,81,12,14.8,8.1,6.7
practical/public,mode_practical_public,aud_general_readers_lovers,81,8,9.9,5.2,4.7
practical/public,mode_practical_public,claim_visual_material_aids,81,15,18.5,14.4,4.2
practical/public,mode_practical_public,claim_completeness_totality_system,81,13,16.0,11.8,4.2
practical/public,mode_practical_public,aud_students_learners,81,4,4.9,1.1,3.9
practical/public,mode_practical_public,aud_military_users,81,3,3.7,1.1,2.6
practical/public,mode_practical_public,inst_universities_academies_colleges,81,3,3.7,1.8,1.9
practical/public,mode_practical_public,sparse_canonical_identity,81,2,2.5,6.3,-3.8
practical/public,mode_practical_public,no_visible_social_arena,81,22,27.2,60.5,-33.3
sparse/canonical,mode_sparse_canonical,claim_ancient_authority_restoration,44,39,88.6,12.0,76.6
sparse/canonical,mode_sparse_canonical,claim_canonical_textual_identity,44,44,100.0,26.6,73.4
sparse/canonical,mode_sparse_canonical,sparse_canonical_identity,44,19,43.2,6.3,36.9
sparse/canonical,mode_sparse_canonical,no_visible_social_arena,44,40,90.9,60.5,30.4
sparse/canonical,mode_sparse_canonical,humanist_transfer_book,44,10,22.7,1.6,21.1
sparse/canonical,mode_sparse_canonical,claim_translation_vernacularization_transfer,44,10,22.7,8.4,14.3
sparse/canonical,mode_sparse_canonical,inst_jesuit,44,1,2.3,2.3,-0.1
sparse/canonical,mode_sparse_canonical,aud_students_learners,44,0,0.0,1.1,-1.1
sparse/canonical,mode_sparse_canonical,aud_military_users,44,0,0.0,1.1,-1.1
sparse/canonical,mode_sparse_canonical,inst_universities_academies_colleges,44,0,0.0,1.8,-1.8
sparse/canonical,mode_sparse_canonical,military_fortification_arena,44,0,0.0,2.2,-2.2
sparse/canonical,mode_sparse_canonical,method_access_book,44,0,0.0,4.3,-4.3
sparse/canonical,mode_sparse_canonical,claim_selection_extraction_abridgment,44,1,2.3,7.0,-4.7
sparse/canonical,mode_sparse_canonical,religious_institutional_arena,44,1,2.3,7.4,-5.1
sparse/canonical,mode_sparse_canonical,aud_general_readers_lovers,44,0,0.0,5.2,-5.2
sparse/canonical,mode_sparse_canonical,general_public_lovers_arena,44,0,0.0,6.8,-6.8
sparse/canonical,mode_sparse_canonical,role_mathematics_professor_lecturer,44,0,0.0,6.8,-6.8
sparse/canonical,mode_sparse_canonical,claim_method_demonstration_order,44,4,9.1,16.3,-7.2
sparse/canonical,mode_sparse_canonical,claim_completeness_totality_system,44,2,4.5,11.8,-7.3
sparse/canonical,mode_sparse_canonical,pedagogical_school_arena,44,2,4.5,11.8,-7.3
sparse/canonical,mode_sparse_canonical,professional_practical_arena,44,0,0.0,8.1,-8.1
sparse/canonical,mode_sparse_canonical,utility_public_book,44,0,0.0,8.4,-8.4
sparse/canonical,mode_sparse_canonical,claim_correction_revision_accuracy,44,1,2.3,11.5,-9.2
sparse/canonical,mode_sparse_canonical,claim_accessibility_clarity_pedagogy,44,0,0.0,9.3,-9.3
sparse/canonical,mode_sparse_canonical,procedural_pedagogical_identity,44,0,0.0,10.6,-10.6
sparse/canonical,mode_sparse_canonical,claim_visual_material_aids,44,1,2.3,14.4,-12.1
sparse/canonical,mode_sparse_canonical,learned_scholarly_arena,44,3,6.8,19.7,-12.9
sparse/canonical,mode_sparse_canonical,claim_utility_practice_application,44,0,0.0,17.8,-17.8
sparse/canonical,mode_sparse_canonical,composite_workshop_book,44,2,4.5,25.3,-20.8
sparse/canonical,mode_sparse_canonical,claim_augmentation_enrichment_composition,44,2,4.5,28.7,-24.2
vernacular/transfer,mode_vernacular_transfer,claim_ancient_authority_restoration,106,99,93.4,12.0,81.4
vernacular/transfer,mode_vernacular_transfer,claim_canonical_textual_identity,106,100,94.3,26.6,67.8
vernacular/transfer,mode_vernacular_transfer,humanist_transfer_book,106,71,67.0,1.6,65.4
vernacular/transfer,mode_vernacular_transfer,claim_translation_vernacularization_transfer,106,75,70.8,8.4,62.3
vernacular/transfer,mode_vernacular_transfer,procedural_pedagogical_identity,106,67,63.2,10.6,52.6
vernacular/transfer,mode_vernacular_transfer,claim_method_demonstration_order,106,39,36.8,16.3,20.5
vernacular/transfer,mode_vernacular_transfer,learned_scholarly_arena,106,41,38.7,19.7,18.9
vernacular/transfer,mode_vernacular_transfer,composite_workshop_book,106,42,39.6,25.3,14.3
vernacular/transfer,mode_vernacular_transfer,claim_augmentation_enrichment_composition,106,45,42.5,28.7,13.7
vernacular/transfer,mode_vernacular_transfer,claim_correction_revision_accuracy,106,23,21.7,11.5,10.2
vernacular/transfer,mode_vernacular_transfer,pedagogical_school_arena,106,23,21.7,11.8,9.8
vernacular/transfer,mode_vernacular_transfer,claim_accessibility_clarity_pedagogy,106,20,18.9,9.3,9.5
vernacular/transfer,mode_vernacular_transfer,claim_visual_material_aids,106,23,21.7,14.4,7.3
vernacular/transfer,mode_vernacular_transfer,religious_institutional_arena,106,15,14.2,7.4,6.8
vernacular/transfer,mode_vernacular_transfer,method_access_book,106,11,10.4,4.3,6.1
vernacular/transfer,mode_vernacular_transfer,role_mathematics_professor_lecturer,106,13,12.3,6.8,5.4
vernacular/transfer,mode_vernacular_transfer,claim_selection_extraction_abridgment,106,11,10.4,7.0,3.4
vernacular/transfer,mode_vernacular_transfer,claim_completeness_totality_system,106,15,14.2,11.8,2.3
vernacular/transfer,mode_vernacular_transfer,inst_jesuit,106,3,2.8,2.3,0.5
vernacular/transfer,mode_vernacular_transfer,inst_universities_academies_colleges,106,2,1.9,1.8,0.1
vernacular/transfer,mode_vernacular_transfer,military_fortification_arena,106,2,1.9,2.2,-0.3
vernacular/transfer,mode_vernacular_transfer,aud_general_readers_lovers,106,5,4.7,5.2,-0.5
vernacular/transfer,mode_vernacular_transfer,aud_students_learners,106,0,0.0,1.1,-1.1
vernacular/transfer,mode_vernacular_transfer,aud_military_users,106,0,0.0,1.1,-1.1
vernacular/transfer,mode_vernacular_transfer,sparse_canonical_identity,106,5,4.7,6.3,-1.6
vernacular/transfer,mode_vernacular_transfer,utility_public_book,106,6,5.7,8.4,-2.8
vernacular/transfer,mode_vernacular_transfer,general_public_lovers_arena,106,3,2.8,6.8,-4.0
vernacular/transfer,mode_vernacular_transfer,professional_practical_arena,106,3,2.8,8.1,-5.2
vernacular/transfer,mode_vernacular_transfer,claim_utility_practice_application,106,8,7.5,17.8,-10.2
vernacular/transfer,mode_vernacular_transfer,no_visible_social_arena,106,43,40.6,60.5,-19.9
