classification_key,year,city,language,primary_classes,base_content,elements_designation,references_to_euclid
6AMYTJ,1557,Paris,FRENCH,Arithmetic,TROYSIESME LI- VRE DE L'ARITHMETIQVE,,
8DP4C1,1613,Bologna,ITALIAN,Practical Geometry,I primi sei libri de gl’Elementi d’Euclide,I primi sei libri de gl’Elementi d’Euclide,Euclide
Alcala_1637,1637,Alcala,"DUTCH, LATIN",,ELEMENTOS GEOMETRICOS DE EVCLIDES,ELEMENTOS GEOMETRICOS DE EVCLIDES,EVCLIDES
Amsterdam_1660a,1660,Amsterdam,LATIN,Theoretical Mathematics,DE UNIVERSAE MATHESIOS NATURA & CONSTITUTIONE LIBER,,
Amsterdam_1672,1672,Amsterdam,DUTCH,Instrument Use | Practical Geometry,de ses eerste Boecken Euclidis,de ses eerste Boecken Euclidis,EUCLIDES DANICUS | Euclidis
Amsterdam_1695,1695,Amsterdam,DUTCH,Theoretical Mathematics,EUCLIDIS BEGINSELEN der MEETKONST,EUCLIDIS BEGINSELEN der MEETKONST,EUCLIDIS
Amsterdam_1702,1702,Amsterdam,DUTCH,Theoretical Mathematics,DE SES EERSTE BOEKEN DER BEGINSELEN EUCLIDIS,DE SES EERSTE BOEKEN DER BEGINSELEN EUCLIDIS,EUCLIDIS
Antwerp_1645,1645,Antwerp,LATIN,Theoretical Mathematics,EVCLIDIS ELEMENTORVM GEOMETRICORVM LIBROS TREDECIM ISIDORVM,EVCLIDIS ELEMENTORVM GEOMETRICORVM LIBROS TREDECIM ISIDORVM,EVCLIDIS
Arnhem_1603,1603,Arnhem,LATIN,Theoretical Mathematics,IN GEOMETRIAM EVCLIDIS prioribus sex Elementorum libris,IN GEOMETRIAM EVCLIDIS prioribus sex Elementorum libris,EVCLIDIS
Arnhem_1605a,1605,Arnhem,LATIN,Theoretical Mathematics,EV- CLIDIS Decimo Elementorum libro,EV- CLIDIS Decimo Elementorum libro,EV- CLIDIS
Barcelona_1698,1698,Barcelona,SPANISH,Theoretical Mathematics,Libro primero (- sexto) de los Elementos Geometricos de Euclides,Libro primero (- sexto) de los Elementos Geometricos de Euclides,Euclides
Basel_1533,1533,Basel,"GREEK, LATIN",,ΕΥΚΛΕΙΔΟΥ ΣΤΟΙΧΕΙΩΝ ΒΙΒΛ. ΙΕ,,ΕΥΚΛΕΙΔΟΥ
Basel_1570,1570,Basel,"DUTCH, LATIN",Arithmetic | Music Theory | Theoretical Mathematics,"ANITII MANLII SEVERINI BOETHI, PHILOSOPHORVM ET THEOLOGORVM PRINCIPIS OPERA omnia",,
Beijing_1607,1607,Beijing,CHINESE,,幾何原本,幾何原本,
Bologna_1651,1651,Bologna,ITALIAN,,DE GLI ELEMENTI DI EVCLIDE Li Primi sei Libri,DE GLI ELEMENTI DI EVCLIDE Li Primi sei Libri,EVCLIDE
Bologna_1651a,1651,Bologna,ITALIAN,,DE GLI ELEMENTI DI EVCLIDE Li Primi sei Libri,DE GLI ELEMENTI DI EVCLIDE Li Primi sei Libri,EVCLIDE
Bologna_1686,1686,Bologna,ITALIAN,,DE GLI ELEMENTI DI EVCLIDE Li Primi sei Libri,DE GLI ELEMENTI DI EVCLIDE Li Primi sei Libri,EVCLIDE
Bologna_1693,1693,Bologna,LATIN,,"PLANORVM, AC SOLIDORVM EVCLIDIS ELEMENTA","PLANORVM, AC SOLIDORVM EVCLIDIS ELEMENTA",EVCLIDIS
Brussels_1701,1701,Brussels,SPANISH,Theoretical Mathematics,"LOS SEIS PRIMEROS LIBROS, ONZE, Y DOZE, DE LOS ELEMENTOS GEOMETRICOS","LOS SEIS PRIMEROS LIBROS, ONZE, Y DOZE, DE LOS ELEMENTOS GEOMETRICOS",EUCLIDES MEGARENSE
Cambridge_1655,1655,Cambridge,LATIN,Theoretical Mathematics,EUCLIDIS ELEMENTORUM Libri xv,EUCLIDIS ELEMENTORUM Libri xv,EUCLIDIS
Cambridge_1657,1657,Cambridge,LATIN,Theoretical Mathematics,EUCLIDIS DATA,Elementa EUCLIDIS,EUCLIDIS
Cologne_1580,1580,Cologne,LATIN,,EVCLIDIS ELEMENTORVM LIBRI XV,EVCLIDIS ELEMENTORVM LIBRI XV,EVCLIDIS
Cologne_1600,1600,Cologne,LATIN,,EVCLIDIS ELEMENTORVM LIBRI XV. QVIBVS,EVCLIDIS ELEMENTORVM LIBRI XV. QVIBVS,EVCLIDIS
Cologne_1612,1612,Cologne,LATIN,Theoretical Mathematics,EVCLIDIS ELEMENTORVM LIBRI XV,EVCLIDIS ELEMENTORVM LIBRI XV,EVCLIDIS | EVCLIDIS ELEMENTORVM
Cologne_1627,1627,Cologne,LATIN,Theoretical Mathematics,EVCLIDIS ELEMENTORVM LIBRI XV,EVCLIDIS ELEMENTORVM LIBRI XV,EVCLIDIS
D40ZCO,1628,Jena,GERMAN,,Teutscher Euclides,Euclides,Euclides
Douai_1620,1620,Douai,LATIN,,EVCLIDIS ELEMENTORVM LIBRI SEX PRIORES,EVCLIDIS ELEMENTORVM LIBRI SEX PRIORES,EVCLIDIS
Douai_1625,1625,Douai,LATIN,,Euclidis ELEMENTORVM LIBRI SEX PRIORES,Euclidis ELEMENTORVM LIBRI SEX PRIORES,Euclidis
E7J0Y4,1556,Paris,FRENCH,Arithmetic,LE SECOND LIVRE DE L'ARITHMETIQVE,,
E8K2CK,1659,Bologna,LATIN,Theoretical Mathematics,GEOMETRIAE SPECIOSAE ELEMENTA,GEOMETRIAE SPECIOSAE ELEMENTA,
EFXRG3,1631,Paris,FRENCH,Perspective,ABREGE' OV RACOVRCY DE LA PERSPECTIVE,,
Ferrara_1628,1628,Ferrara,LATIN,,EVCLIDIS ELEMENTORVM Libri VI,EVCLIDIS ELEMENTORVM Libri VI,EVCLIDIS
Florence_1573,1573,Florence,ITALIAN,Perspective,LA PROSPETTIVA DI EVCLIDE,LA PROSPETTIVA DI EVCLIDE,EVCLIDE
Florence_1690,1690,Florence,ITALIAN,Theoretical Mathematics,"ELEMENTI PIANI, E SOLIDI D’EVCLIDE | QVINTO LIBRO DEGLI ELEMENTI D’EVCLIDE","ELEMENTI PIANI, E SOLIDI D’EVCLIDE | QVINTO LIBRO DEGLI ELEMENTI D’EVCLIDE",D’EVCLIDE | DEGLI ELEMENTI D’EVCLIDE
GDIHEX,1638,Ravenna,ITALIAN,Construction | Mechanics | Perspective,PRATICA DI FABRICAR SCENE E MACHINE NE' TEATRI,,
Geneva_1611,1611,Geneva,FRENCH,,LES SIX PREMIERS LIVRES DES ELEMENTS GEOME- TRIQVES D’EVCLIDE | LES SIX PREMIERS LIVRES DES ELEMENTS GEOMETRIQVES D’EVCLIDE,LES SIX PREMIERS LIVRES DES ELEMENTS GEOME- TRIQVES D’EVCLIDE | LES SIX PREMIERS LIVRES DES ELEMENTS GEOMETRIQVES D’EVCLIDE,EVCLIDE
Glasgow_1756,1756,Glasgow,LATIN,Theoretical Mathematics,"LIBRI PRIORES SEX, ITEM UNDECIMUS ET DUODECIMUS",EUCLIDIS ELEMENTORUM,EUCLIDIS | EUCLIDIS ELEMENTORUM | EUCLIDIS Demonstrationibus
HFRLRC,1623,The Hague,DUTCH,Perspective,OPTICA,,
Halle_1758,1773,Halle,GERMAN,Theoretical Mathematics,die sechs ersten Bücher der Elemente,die sechs ersten Bücher der Elemente,Euklid’s | Euklids
Hamburg_1633,1633,Hamburg,DUTCH,Theoretical Mathematics,EVCLIDES ZES EERSTE BOEKKEN,EVCLIDES ZES EERSTE BOEKKEN,EVCLIDES
Hamburg_1638,1638,Hamburg,DUTCH,Theoretical Mathematics,EUKLIDES ZES EERSTE BOEKKEN,EUKLIDES ZES EERSTE BOEKKEN,EUKLIDES
Hardy-2,1643,Paris,FRENCH,Theoretical Mathematics,De la fausse Quadrature du Cercle du SIEVR DE LALEV,,
Hardy-5,1644,Paris,FRENCH,Theoretical Mathematics,du premier livre d'Euclide,du premier livre d'Euclide,Euclide
Hardy-6,1641,Paris,FRENCH,Theoretical Mathematics,Propositions mathematiques,,
I9PE2Y,1609,Heidelberg,LATIN,Astronomy,ASTRONOMIA NOVA,,
Innsbruck_1634,1634,Innsbruck,LATIN,,EUCLIDIS SEX PRIORIBUS ELEMENTORUM LIBRIS,EUCLIDIS SEX PRIORIBUS ELEMENTORUM LIBRIS,EUCLIDIS
JTRIRS,1569,Venice,ITALIAN,Perspective,LA PRATICA DELLA PERSPETTIVA,,
Jena_1628,1628,Jena,GERMAN,Theoretical Mathematics,Teutscher Eu- CLIDES,Teutscher Eu- CLIDES,Eu- CLIDES
K7DERJ,1567,Augsburg,GERMAN,Perspective | Practical Geometry,OCTAEDRON ELEVATVM SOLIDVM,,
Kiel_Hamburg_and_Leipzig_1697,1697,"Hamburg, Leipzig",GERMAN,Theoretical Mathematics,"EUCLIDES, Dessen VI. erste Bücher","EUCLIDES, Dessen VI. erste Bücher",EUCLIDES
Le_Mans_1663,1663,Le Mans,FRENCH,Perspective | Theoretical Mathematics,LA PERSPECTIVE D’EVCLIDE,LA PERSPECTIVE D’EVCLIDE,EVCLIDE
Leiden_1599,1599,Leiden,LATIN,Perspective,EVCLIDIS Optica & Catoptrica,EVCLIDIS Optica & Catoptrica,EVCLIDIS
Leiden_1606,1606,Leiden,DUTCH,Theoretical Mathematics,De ses eerste boucken EVCLIDIS,De ses eerste boucken EVCLIDIS,EVCLIDIS
Leiden_and_Amsterdam_1673,1673,"Leiden, Amsterdam",LATIN,Theoretical Mathematics,EVCLIDIS ELEMENTORVM SEX PRIORES LIBRI,EVCLIDIS ELEMENTORVM SEX PRIORES LIBRI,EVCLIDIS
Leipzig_1549,1549,Leipzig,LATIN,,EVCLIDIS ELEMENTORVM GEOMETRICORVM LIBRI SEX,EVCLIDIS ELEMENTORVM GEOMETRICORVM LIBRI SEX,Εuκλείδου | EVCLIDIS
Leipzig_1607,1607,Leipzig,LATIN,Theoretical Mathematics,EVCLIDIS OPTICA & CATOPTRICA,EVCLIDIS OPTICA & CATOPTRICA,EVCLIDIS
Leipzig_1883,1883,Leipzig,"GREEK, LATIN",Theoretical Mathematics,EUCLIDIS OPERA OMNIA,,EUCLIDIS
London_1620,1620,London,"GREEK, LATIN",,ELEMENTORVM EVCLIDIS LIBRI TREDECIM,ELEMENTORVM EVCLIDIS LIBRI TREDECIM | ΕΥΚΛΕΙΔΟΥ ΣΤΟΙΧΕΙΩΝ ΒΙΒΛΙΑ ἕγ,ΕΥΚΛΕΙΔΟΥ | EVCLIDIS
London_1659,1659,London,LATIN,Theoretical Mathematics,EUCLIDIS ELEMENTORUM Libri xv,EUCLIDIS ELEMENTORUM Libri xv,EUCLIDIS
London_1678,1678,London,LATIN,,EUCLIDIS Elementorum LIBRI XV,EUCLIDIS Elementorum LIBRI XV,EUCLIDIS
London_1680–81,1680/1681,London,ENGLISH,Arithmetic | Astronomy | Cartography | Cosmography | Geography | Navigation | Practical Geometry | Theoretical Mathematics | Trigonometry,the first Six Books of Euclid’s ELEMENTS,the first Six Books of Euclid’s ELEMENTS,Euclid’s ELEMENTS
London_1685,1685,London,LATIN,,EUCLIDIS ELEMENTORUM Libri XV,EUCLIDIS ELEMENTORUM Libri XV,EUCLIDIS
Lund_1855,1855,Lund,SWEDISH,Theoretical Mathematics,"sjunde, åttonde, nionde och tionde böckerna af Euclids Elementer",Euclids Elementer,Euclids
Lyon_1603,1603,Lyon,LATIN,,GEOMETRIAM EVCLIDIS prioribus sex Elementorum,GEOMETRIAM EVCLIDIS prioribus sex Elementorum,GEOMETRIAM EVCLIDIS
Lyon_1660,1660,Lyon,LATIN,Theoretical Mathematics,EVCLIDIS ELEMENTORVM Libri octo,EVCLIDIS ELEMENTORVM Libri octo,EVCLIDIS
Lyon_1669,1669,Lyon,LATIN,Theoretical Mathematics | Trigonometry,SYNOPSIS GEOMETRICA,,
Lyon_1672,1672,Lyon,FRENCH,Theoretical Mathematics,HVICT LIVRES DES ELEMENTS DEVCLIDE,HVICT LIVRES DES ELEMENTS DEVCLIDE,DEVCLIDE
Lyon_1674,1674,Lyon,LATIN,Architecture | Arithmetic | Construction | Geography | Mechanics | Practical Geometry | Trigonometry,EV- CLIDIS LIBROS OCTO,EV- CLIDIS LIBROS OCTO,EV- CLIDIS
Lyon_1690,1690,Lyon,LATIN,Arithmetic | Theoretical Mathematics | Trigonometry,Euclidis Libros XIV,Euclidis Libros XIV,Euclidis
MIZPJ8,1568,Nuremberg,GERMAN,Perspective,PERSPECTIVA. Corporum Regularium,Elementis,Euclides
MMJVXG,1625,Leiden,FRENCH,Arithmetic,ARITHMETIQVE DE SIMON STEVIN DE BRVGES,,
Madrid_1665,1665,Madrid,SPANISH,Architecture | Practical Geometry | Theoretical Mathematics,QVINTO Y SEPTIMO libros de Euclides,QVINTO Y SEPTIMO libros de Euclides,Euclides
Messina_1558,1558,Messina,LATIN,Astronomy | Theoretical Mathematics | Trigonometry,EV- CLIDIS PHAENOMENA,,EV- CLIDIS
Milan_1671,1671,Milan,ITALIAN,Theoretical Mathematics,I PRIMI SEI LIBRI D’EVCLIDE,I PRIMI SEI LIBRI D’EVCLIDE,EVCLIDE
MorisS-10-3,1659,Rome,LATIN,Theoretical Mathematics | Trigonometry,OPVSCVLVM GEOMETRICVM DE LINEA SINVVM ET CYCLOIDE,,
MorisS-13-1,1632,Paris,LATIN,Astronomy,MERCVRIVS IN SOLE VISVS: ET VENVS INVISA,,
MorisS-13-2,1642,Paris,LATIN,Astronomy,DE MOTU IMPRESSO A MOTORE,,
MorisS-14-1,1626,The Hague,FRENCH,Trigonometry,"TABLES DES SINVS TANGENTES & SECANTES, SELON LE RAID DE 100000 PARTIES",,
MorisS-15-1,1630,Paris,FRENCH,Theoretical Mathematics,"EXAMEN DE LA DVPLICATION DV CVBE, ET QVADRATVRE DV CERCLE",,
MorisS-16-7,1623,Paris,FRENCH,Theoretical Mathematics,dixiesme Liure d’Euclide,Elements Geometriques d’Euclide,d’Euclide
MorisS-18-3,1659,,LATIN,Theoretical Mathematics,Excerpta ex quarto libro de Cycloide Antonii Laloveræ,,
MorisS-18-4,1660,Toulouse,LATIN,Theoretical Mathematics,VETERVM GEOMETRIA PROMOTA IN SEPTEM DE CYCLOIDE LIBRIS,,
MorisS-21-1,1626,Paris,LATIN,,SYNOPSIS MATHEMATICA,,
MorisS-21-6,1634,Paris,FRENCH,Music Theory,LES PRELVDES DE L’HARMONIE VNIVERSELLE,,
MorisS-23-2,1631,Paris,LATIN,Theoretical Mathematics,PRODROMI CATOPTRICORVM ET DIOPTRICORVM,,
MorisS-24-3,1646,Paris,LATIN,Perspective,"THAVMATVRGVS OPTICVS, SEV ADMIRANDA",,
MorisS-25-3,1665,Paris,FRENCH,Arithmetic | Theoretical Mathematics,TRAITÉ DV TRIANGLE ARITHMETIQVE,,
MorisS-26-2,1665,Paris,FRENCH,Astronomy,DISSERTATION SVR LA NATVRE DES COMETES,,
MorisS-27-2,1644,Paris,LATIN,Astronomy,ARISTARCHI SAMII DE MVNDI SYSTEMATE,,
MorisS-3-2,1643,Paris,LATIN,Theoretical Mathematics,NOVA GEOMETRIAE CLAVIS ALGEBRA,,
MorisS-3-3,1656,Dijon,LATIN,Astronomy,TABULAE LODOICAE SEV,,
MorisS-3-5,1660,Paris,LATIN,Arithmetic | Theoretical Mathematics,DIOPHANTVS GEOMETRA SIVE OPVS CONTEXTVM EX ARITHMETICA ET GEOMETRIA,,
MorisS-4-3,1645,Paris,FRENCH,Construction,TRAICTE’ DES MANIERES DE GRAVER EN TAILLE DOVCE SVR L’AIRIN,,
MorisS-5-4,1657,Paris,LATIN,Theoretical Mathematics,DE LINEIS SPIRALIBVS,,
N000JX,1516,Alcala,LATIN,Arithmetic | Astronomy | Music Theory,Cursus quattuor mathematica- rum artium liberalium,,
N61RR8,1605,Leiden,DUTCH,Perspective,TROISIESME VOLVME DES MEMOIRES MATHE- MATIQVES DES PERSPECTIVES,,
Naples_1679,1679,Naples,LATIN,,EUCLIDIS ELEMENTORUM LIBRI SEX,EUCLIDIS ELEMENTORUM LIBRI SEX,EUCLIDIS
Naples_1702,1702,Naples,LATIN,Theoretical Mathematics,EVCLIDIS ELEMENTA,EVCLIDIS ELEMENTA,EVCLIDIS
Naples_1810,1810,Naples,ITALIAN,,I PRIMI SEI LIBRI DEGLI ELEMENTI DI EUCLIDE | I primi sei libri degli elementi di Euclide,I PRIMI SEI LIBRI DEGLI ELEMENTI DI EUCLIDE | I primi sei libri degli elementi di Euclide,EUCLIDE | stesso Euclide | Euclide
Nuremberg_1539,1539,Nuremberg,GERMAN,Practical Geometry,Das erst buch der Geometria,Das erst buch der Geometria,Euclide
Nuremberg_1625,1625,Nuremberg,GERMAN,Practical Geometry,EUCLIDIS ELEMENTA PRACTICA,EUCLIDIS ELEMENTA PRACTICA,EUCLIDIS | Euclidis
Nuremberg_1821,1821,Nuremberg,GERMAN,,des ersten Buchs der Elemente Euclid’s,ersten Buchs der Elemente Euclid’s,Euclid’s
OGXS5A,1620,Lyon,LATIN,Theoretical Mathematics | Trigonometry,LOGARITHMORVM CANONIS CON-STRVCTIO,,
Osnabrück_1676,1676,Osnabrück,LATIN,Theoretical Mathematics,ELEMENTORVM EUCLIDIS Libri XV,ELEMENTORVM EUCLIDIS Libri XV,ELEMENTORVM EUCLIDIS
Oxford_1701,1701,Oxford,LATIN,,"EUCLIDIS ELEMENTORUM LIBRI PRIORES SEX, ITEM UNDECIMUS & DUODECIMUS","EUCLIDIS ELEMENTORUM LIBRI PRIORES SEX, ITEM UNDECIMUS & DUODECIMUS",EUCLIDIS
Oxford_1703,1703,Oxford,"LATIN, GREEK",Theoretical Mathematics,EUCLIDIS,EUCLIDIS,ΕΥΚΛΕΙΔΟΥ | EUCLIDIS
P3JCQH,1652,Leuven,LATIN,Arithmetic,EUCLIDES LOGISTICUS,,EUCLIDES | EUCLIDEA
Paris_1500,1500,Paris,LATIN,Astronomy,Geometria Euclidis,Geometria Euclidis,Euclidis
Paris_1534a,1534,Paris,LATIN,,ELEMENTALE GEOMETRI,ELEMENTALE GEOMETRI,EUCLIDIS
Paris_1549,1549,Paris,LATIN,Theoretical Mathematics,EVCLIDES | EVCLIDIS elementorum libri QVINDECIM,EVCLIDES | EVCLIDIS elementorum libri QVINDECIM,EVCLIDIS
Paris_1551a,1551,Paris,LATIN,Theoretical Mathematics,Euclidis elementorum LIBER DECIMVS,Euclidis elementorum LIBER DECIMVS,Euclidis
Paris_1552,1552,Paris,LATIN,Theoretical Mathematics,Euclidis elementorum LIBER DECIMVS,Euclidis elementorum LIBER DECIMVS,Euclidis
Paris_1564,1564,Paris,FRENCH,,LES SIX PREMIERS LIVRES DES ELEMENTS D’EV- CLIDE,LES SIX PREMIERS LIVRES DES ELEMENTS D’EV- CLIDE,EV- CLIDE
Paris_1565,1565,Paris,FRENCH,Theoretical Mathematics,"LES SEPTIEME, HVICTIEME ET NEVFIEME, LIVRES DES ELEMENS D’EVCLIDE | Liure d’Euclide","LES SEPTIEME, HVICTIEME ET NEVFIEME, LIVRES DES ELEMENS D’EVCLIDE | Liure d’Euclide",D’EVCLIDE | Liure d’Euclide
Paris_1566a,1566,Paris,FRENCH,Theoretical Mathematics,LES SIX PREMIERS LIVRES DES ELE- ments d’Euclide,LES SIX PREMIERS LIVRES DES ELE- ments d’Euclide,Euclide
Paris_1598a,1598,Paris,FRENCH,,LES SIX PREMIERS LIVRES DES ELEMENS D’EVCLIDE,LES SIX PREMIERS LIVRES DES ELEMENS D’EVCLIDE,D’EVCLIDE
Paris_1604,1604,Paris,LATIN,Theoretical Mathematics,EVCLIDIS OPTICA ET CATOPTRICA,EVCLIDIS OPTICA ET CATOPTRICA,EVCLIDIS
Paris_1605,1605,Paris,FRENCH,Theoretical Mathematics,LES NEVF PREMIERS LIVRES DES ELEMENS D’EVCLIDE,LES NEVF PREMIERS LIVRES DES ELEMENS D’EVCLIDE,D’EVCLIDE
Paris_1612,1612,Paris,LATIN,Theoretical Mathematics,EVCLIDIS ELEMENTVM DECIMVM,EVCLIDIS ELEMENTVM DECIMVM,EVCLIDIS
Paris_1626b,1626,Paris,LATIN,Astronomy | Theoretical Mathematics,"Theodosii, Menelai et Mavrolyci sphærica",,
Paris_1629,1629,Paris,FRENCH,,LES NEVF PREMIERS LIVRES DES ELEMENS D’EVCLIDE,LES NEVF PREMIERS LIVRES DES ELEMENS D’EVCLIDE,D’EVCLIDE
Paris_1630,1630,Paris,FRENCH,,LES SIX PREMIERS LIVRES DES ELEMENS D’EVCLIDE,LES SIX PREMIERS LIVRES DES ELEMENS D’EVCLIDE,D’EVCLIDE
Paris_1654,1654,Paris,LATIN,,EVCLIDIS ELEMENTORVM GEOMETRICORVM LIBRI Sex,EVCLIDIS ELEMENTORVM GEOMETRICORVM LIBRI Sex,EVCLIDIS
Paris_1654a,1654,Paris,FRENCH,,LES ELEMENTS D’EVCLIDE,ELEMENTS D’EVCLIDE,D’EVCLIDE
Paris_1675,1675,Paris,FRENCH,Theoretical Mathematics,ELEMENS DES MATHEMATIQUES,,
Paris_1689,1689,Paris,FRENCH,Theoretical Mathematics,NOUVEAUX ELEMENS,NOUVEAUX ELEMENS,
Paris_1693,1693,Paris,FRENCH,Theoretical Mathematics,les Elemens d’Euclide,les Elemens d’Euclide,Euclide
Paris_1739,1739,Paris,FRENCH,Practical Geometry | Trigonometry,Élemens d’Euclide,Élemens d’Euclide,Euclide
Paris_1814,1814,Paris,"LATIN, FRENCH, GREEK",Theoretical Mathematics,Les Oevres  d'Euclide,Les Oevres  d'Euclide,Euclide
Pesaro_1572,1572,Pesaro,LATIN,Theoretical Mathematics,EVCLIDIS ELEMENTORVM LIBRI XV,EVCLIDIS ELEMENTORVM LIBRI XV,EVCLIDIS
Q4F538,1571,Nuremberg,GERMAN,Perspective | Practical Geometry,PERSPECTIVA,,
QR4DDA,1644,Paris,FRENCH,Theoretical Mathematics,EXAMEN,,
QWCWLH,1545,Paris,"FRENCH, ITALIAN",Architecture,IL PRIMO libro d’Architet- tura,,
Rome_1545,1545,Rome,"GREEK, LATIN",Theoretical Mathematics,ΕΥ’ΚΛΕΙΔΟΥ ΣΤΟΙΧΕΙΩΝ ΒΙΒΛΙΑ ιε | EVCLIDIS ELEMENTORVM LIBRI XV,ΕΥ’ΚΛΕΙΔΟΥ ΣΤΟΙΧΕΙΩΝ ΒΙΒΛΙΑ ιε | EVCLIDIS ELEMENTORVM LIBRI XV,ΕΥ’ΚΛΕΙΔΟΥ | EVCLIDIS
Rome_1545a,1545,Rome,LATIN,Theoretical Mathematics,I QVINDICI LIBRI DEGLI ELEMENTI DI EVCLIDE,I QVINDICI LIBRI DEGLI ELEMENTI DI EVCLIDE,EVCLIDE
Rome_1589,1589,Rome,LATIN,Theoretical Mathematics,EVCLIDIS ELEMENTORVM LIBRI XV | EVCLIDIS POSTERIORES Libri sex a x. ad xv | EVCLIDIS ELEMENTORVM LIB. XV | EVCLIDIS POSTERIORES LIB. IX,EVCLIDIS ELEMENTORVM LIBRI XV | EVCLIDIS POSTERIORES Libri sex a x. ad xv | EVCLIDIS ELEMENTORVM LIB. XV | EVCLIDIS POSTERIORES LIB. IX,EVCLIDIS
Rome_1591,1591,Rome,LATIN,Astronomy,EVCLIDIS PHAENOMENA,EVCLIDIS PHAENOMENA,EVCLIDIS
Rome_1594,1594,Rome,"ARABIC, LATIN",,EVCLIDIS ELEMENTORVM GEOMETRICORVM Libri Tre-decim,EVCLIDIS ELEMENTORVM GEOMETRICORVM,إقليدس | EVCLIDIS
Seville_1576,1576,Seville,SPANISH,Theoretical Mathematics,LOS SEIS LIBROS PRIMEROS DELA GEOMETRIA DE EVCLIDES,LOS SEIS LIBROS PRIMEROS DELA GEOMETRIA DE EVCLIDES,EVCLIDES
Siena_1691,1691,Siena,LATIN,,ELEMENTA EVCLIDIS,ELEMENTA EVCLIDIS,EVCLIDIS
Strasbourg_1529,1529,Strasbourg,LATIN,,"ELEMEN- TALE GEOMETRICVM, EX EVCLI- dis Geometria","ELEMEN- TALE GEOMETRICVM, EX EVCLI- dis Geometria",EVCLI
Strasbourg_1538,1538,Strasbourg,"GREEK, LATIN",,ΕΥΚΛΕΙΔΟΥ ΤΩΝ ΠΕΝΤΕ ΚΑΙ ΔΕΚΑ ΣΤΟΙΧΕΙΩΝ,ΕΥΚΛΕΙΔΟΥ ΤΩΝ ΠΕΝΤΕ ΚΑΙ ΔΕΚΑ ΣΤΟΙΧΕΙΩΝ,ΕΥΚΛΕΙΔΟΥ
Strasbourg_1559,1559,Strasbourg,"GREEK, LATIN",,ΕΥΚΛΕΙΔΟΥ ΤΩΝ ΠΕΝΤΕ ΚΑΙ ΔΕΚΑ ΣΤΟΙΧΕΙΩΝ,ΕΥΚΛΕΙΔΟΥ ΤΩΝ ΠΕΝΤΕ ΚΑΙ ΔΕΚΑ ΣΤΟΙΧΕΙΩΝ,ΕΥΚΛΕΙΔΟΥ
Strasbourg_1570a,1570,Strasbourg,"GREEK, LATIN",Astronomy | Music Theory | Perspective,ΕΥΚΛΕΙΔΟΥ ΠΡΟΤΑΣΕΙΣ Στοιχείων | EVCLIDIS Propositiones. Elementorum,ΠΡΟΤΑΣΕΙΣ Στοιχείων | Propositiones. Elementorum,ΕΥΚΛΕΙΔΟΥ | EVCLIDIS
Strasbourg_1572,1572,Strasbourg,LATIN,Astronomy | Theoretical Mathematics,SPHAERICAE DOCTRINÆ PROPOSITIONES GRÆCÆ ET LATInæ,,
Strasbourg_1599,1599,Strasbourg,LATIN,Theoretical Mathematics,ΕΥΚΛΕΙΔΟΥ ΣΤΟΙΧΕΙΩΝ ΠΡΩΤΟΝ | EVCLIDIS ELE- MENTVM primum,EVCLIDIS ELE- MENTVM primum,ΕΥΚΛΕΙΔΟΥ | EVCLIDIS
TJONV6,1585,Paris,FRENCH,Arithmetic,L'ARITHMETIQVE DE GEMME PHRISON,,
TMVVZN,1584,Milan,ITALIAN,,TRATTATO DELL'ARTE DE LA PITTVRA,,
TTORPR,1528,Vienna,LATIN,,"ELEMENTA- LE GEOMETRICVM, EX EV- clidis Geometria","ELEMENTA- LE GEOMETRICVM, EX EV- clidis Geometria",EV- clidis
The_Hague_1758,1758,The Hague,FRENCH,Theoretical Mathematics,LES SIX PREMIERS LIVRES D’EUCLIDE,ELEMENS DE   GEOMETRIE,D’EUCLIDE
UEIZFO,1565,Paris,FRENCH,Arithmetic,ARITHMETIQVE,,
Uppsala_1741,1741,Uppsala,LATIN,Theoretical Mathematics,EUCLIDIS ELEMENTORUM   LIBRI SEX PRIORES,EUCLIDIS ELEMENTORUM   LIBRI SEX PRIORES,EUCLIDIS
Uppsala_1744,1744,Uppsala,SWEDISH,Theoretical Mathematics,EUCLIDIS ELEMENTA,EUCLIDIS ELEMENTA,EUCLIDIS
Valencia_1569,1569,Valencia,LATIN,Theoretical Mathematics,"ELEMENTA Arithmeticæ, ac GEOMETRIÆ","ELEMENTA Arithmeticæ, ac GEOMETRIÆ",Euclide
Venice_1498,1498,Venice,LATIN,Theoretical Mathematics,Euclidis quartus decimus elementorum,Euclidis quartus decimus elementorum,Euclidis | euclidis
Venice_1565,1565,Venice,LATIN,Theoretical Mathematics,EVCLIDE MEGARENSE PHILOSOPHO | EVCLIDE MEGARENSE ACVTISSIMO PHILOSOPHO SOLO INTRODVTTORE DELLE SCIENTIE MATHEMATICE | EVCLIDE MEGARENSE ACVTISSIMO PHILOSOPHO,EVCLIDE MEGARENSE PHILOSOPHO | EVCLIDE MEGARENSE ACVTISSIMO PHILOSOPHO SOLO INTRODVTTORE DELLE SCIENTIE MATHEMATICE | EVCLIDE MEGARENSE ACVTISSIMO PHILOSOPHO,EVCLIDE
Venice_1575,1575,Venice,LATIN,Theoretical Mathematics,Opuscula Mathematica,,
Venice_1641,1641,Venice,LATIN,Theoretical Mathematics,EVCLIDIS ELEMENTORVM Libri VI,EVCLIDIS ELEMENTORVM Libri VI,EVCLIDIS
WHEESV,1600,Pesaro,LATIN,Perspective,PERSPECTIVAE LIBRI SEX,,
WWE4ON,1656,Leuven,LATIN,Arithmetic | Theoretical Mathematics,ARITHMETICÆ THEORIA ET PRAXIS,,
Wittenberg_1609,1609,Wittenberg,LATIN,Theoretical Mathematics,EVCLIDIS ELEMENTORUM LIBRI XIII,EVCLIDIS ELEMENTORUM LIBRI XIII,EVCLIDIS
Wittenberg_1661,1661,Wittenberg,LATIN,Theoretical Mathematics,EUCLIDIS ELEMENTORUM LIBRI XIII,EUCLIDIS ELEMENTORUM LIBRI XIII,EUCLIDIS
XP5WU4,1573,Bordeaux,LATIN,Arithmetic,DE LOGISTICA,,
YCXMIJ,1565,Paris,FRENCH,Mechanics,"DEVX LIVRES DE PROCLVS, DV MOVVE- MENT",,
YQDZSW,1565,Paris,FRENCH,Mechanics,LE PREMIER LIVRE D'ARCHIMEDE DES CHOSES EGALEMENT PESANTES,,
YSF4K5,1613,Antwerp,LATIN,Perspective,OPTICORVM LIBRI SEX,,
YUHFFF,1591,Heidelberg,LATIN,Arithmetic | Music Theory | Theoretical Mathematics,"ARITHME- TICÆ, MUSICÆ ET GEOMETRIÆ COM- PENDIA",,
ZGOHUR,1581,Rome,LATIN,Gnomonics & Horology,GNOMONICES LIBRI OCTO,,
ZN24V0,1543,Nuremberg,GERMAN,Architecture | Perspective | Practical Geometry,GEOMETRIA,,
ZNLALU,1560,Paris,FRENCH,Arithmetic,L'ARITHMETIQVE de Gemme Phrison,,
ZQA6JR,1669,Rome,LATIN,,ELEMENTA GEOMETRIAE PLANAE,ELEMENTA GEOMETRIAE PLANAE,
ZYVGSH,1662,Oxford,LATIN,Theoretical Mathematics,ELEMENTI DECIMI EUCLIDIS,ELEMENTI DECIMI EUCLIDIS,EUCLIDIS
bib-1,1542,Paris,FRENCH,Practical Geometry,Liure singulier & vti- le,,
bib-102,1652,Jena,GERMAN,,Teutscher EuCLIDES,ELEMENTEN,Eu- CLIDES
bib-104,1681,Rome,LATIN,,tribus Libris Euclidis,tribus Libris Euclidis,Euclidis
bib-110,1692,Paris,FRENCH,Practical Geometry,ELEMENS DE GEOMETRIE,ELEMENS DE GEOMETRIE,Euclide
bib-111,1682,Paris,FRENCH,Practical Geometry,PRATIQUE DE LA GEOMETRIE,,
bib-113,1690,Paris,FRENCH,,TRAITÉ DE GEOMETRIE,,
bib-120,1648,London,LATIN,Arithmetic | Theoretical Mathematics,decimi elementi Euclidis,decimi elementi Euclidis,Euclidis
bib-122,1689,Naples,LATIN,,EXERCITATIONES,,
bib-124,1624,Rome,ITALIAN,Practical Geometry,gli elementi d’Euclide,gli elementi d’Euclide,Euclide
bib-125,1691,Rome,ITALIAN,Practical Geometry,gl’elementi d’Euclide,gl’elementi d’Euclide,Euclide
bib-126,1667,Rome,ITALIAN,Practical Geometry,gl’elementi d’Euclide,gl’elementi d’Euclide,Euclide
bib-128,1580,Basel,LATIN,Arithmetic | Practical Geometry | Theoretical Mathematics,GEOMETRIAE SEPTEM ET VIGINTI,,
bib-129,1569,Basel,LATIN,Arithmetic,GEOMETRIAE SEPTEM ET VIGINTI,GEOMETRIAE SEPTEM ET VIGINTI,
bib-130,1627,Frankfurt,LATIN,Arithmetic,ARITHMETICAE LIBRI DUO ET GEOMETRIAE SEPTEM ET VIGINTI,ARITHMETICAE LIBRI DUO ET GEOMETRIAE SEPTEM ET VIGINTI,
bib-134,1641,Nuremberg,GERMAN,Practical Geometry,GEOME-TRIÆ PRACTICÆ NOVÆ ET AUCTÆ,,
bib-138,1641,Louvain,LATIN,,ANNVS POSITIONVM MATHEMATICARVM,,
bib-144,1668,Paris,LATIN,Astronomy | Theoretical Mathematics,LEXICON MATHEMATICUM ASTRONOMICUM GEOMETRICUM,,
bib-145,1678,Madrid,SPANISH,Practical Geometry | Theoretical Mathematics,EVCLIDES NVEVO-ANTIGVO,EVCLIDES NVEVO-ANTIGVO,EVCLIDES
bib-146,1671,Valencia,SPANISH,Practical Geometry | Theoretical Mathematics,"GEOMETRIA ESPECVLATIVA, Y PRATICA DE LOS PLANOS, Y SOLIDOS",,
bib-15,1554,Lyon,FRENCH,Arithmetic,L’ARITHMETI-QUE DE IAQVES,,
bib-152,1583,Venice,ITALIAN,Construction | Military Engineering,DELLA FORTIFICATIONE DELLE CITTA,,
bib-16,1572,Paris,FRENCH,Practical Geometry,"DE VSVO GEOME TRIÆ, LIBER VNVS",,
bib-169,1552,Paris,FRENCH,Astronomy | Cosmography | Geography,L’SPHERE DU MON- DE,,
bib-17,1573,Paris,FRENCH,Practical Geometry,DE L’VSAGE DE GEOMETRIE,,
bib-175,1505,Paris,LATIN,,Primum volumen Contemplationum,,
bib-179,1641,Haarlem,DUTCH,Arithmetic | Commercial Mathematics,ARITHMETICA,,
bib-18,1568,Salamanca,SPANISH,Astronomy | Instrument Use | Practical Geometry,OBRA INTITVLADA FRAGMENTOS MATHEMATICOS,,
bib-180,1628,Rotterdam,DUTCH,Arithmetic | Commercial Mathematics,ARITHMETICA,,
bib-182,1626,Leiden,LATIN,Arithmetic | Military Engineering | Trigonometry,ARITHMETICÆ LIBRI DUO | GEOMETRIA  LIB. VI,GEOMETRIA  LIB. VI,
bib-189,1615,Leiden,DUTCH,Arithmetic | Theoretical Mathematics | Trigonometry,DE   Arithmetische en Geometrische   fondamenten,,
bib-19,1583,Alcala,SPANISH,Practical Geometry | Theoretical Mathematics,TRATADO DE GEO metria,,
bib-20,1599,Rome,ITALIAN,Practical Geometry,Elementi d’Euclide,Elementi d’Euclide,Euclide
bib-203,1690,Utrecht,DUTCH,Arithmetic,t KONSTIGH CYFFER-BOEK,,
bib-212,1603,Amsterdam,DUTCH,Arithmetic | Commercial Mathematics,Arithmetica,,
bib-224,1520,Augsburg,GERMAN,Arithmetic,Rechenbüchlein mitt den Zyffern,,
bib-225,1518,Augsburg,GERMAN,Arithmetic,Rechenbüchlein,,
bib-227,1700,"Paris, Brussels",FRENCH,,"PRATIQUE CURIEUSE, OU LES ORACLES DES SIBYLLES",,
bib-231,1694,The Hague,FRENCH,,"PRATIQUE CURIEUSE, OU LES ORACLES DES SIBYLLES",,
bib-232,1527,Nuremberg,LATIN,Arithmetic,Rudimenta arithmetices,,
bib-24,1575,Bordeaux,LATIN,Theoretical Mathematics,"ELEMENTI QVINCTI, ET SEXTI, EVCLIDIS","ELEMENTI QVINCTI, ET SEXTI, EVCLIDIS",EVCLIDIS
bib-254,1591,Cologne,LATIN,,THESAVRVS PRINCIPVM,,
bib-255,1574,Cologne,LATIN,Cosmography,COSMOGRAPHIA,,
bib-258,1585,Leiden,DUTCH,Arithmetic,DE THIENDE,,
bib-262,1582,Antwerp,FRENCH,Arithmetic,L’ARITHMETIQUE  de Gemme Phrison,,
bib-263,1558,Paris,FRENCH,Arithmetic,L'arithmetique,,
bib-266,1563,Antwerp,FRENCH,Arithmetic,ARITHMETIQVE,,
bib-269,1625,Leiden,FRENCH,Arithmetic,L'ARITHMETIQVE,,
bib-270,1668,Vlissingen,DUTCH,Arithmetic | Commercial Mathematics,PACHT-TAFELEN,,
bib-272,1654,Paris,FRENCH,,LES DIX LIVRES DES THEOREMES GEOMETRIQVES,LES DIX LIVRES DES THEOREMES GEOMETRIQVES,
bib-276,1560,Padua,LATIN,Practical Geometry | Theoretical Mathematics,PRIMUM EUCLIDIS Elementorum librum,PRIMUM EUCLIDIS Elementorum librum,EUCLIDIS
bib-28,1576,Paris,FRENCH,Perspective,LEÇONS DE PERSPECTIVE POSITIVE,,
bib-30,1627,Zurich,GERMAN,Practical Geometry | Theoretical Mathematics,"Geometriae, Theoricae Et Practicae. XII. Bücher","Geometriae, Theoricae Et Practicae. XII. Bücher",Euclidis
bib-31,1646,Zurich,GERMAN,Instrument Use | Practical Geometry | Surveying | Theoretical Mathematics,GEOMETRIA Theorica und Practica Oder Von dem Feldmäsßen 14. Bücher,14. Bücher,Euclidis
bib-32,1605,London,ENGLISH,,Tvvoo Bookes of FRANCIS BACON,,
bib-33,1564,Venice,ITALIAN,Perspective | Practical Geometry | Surveying,le vere regole d’Euclide,,d’Euclide
bib-34,1567,Venice,ITALIAN,,RAGIONAMENTI ACCADEMICI,,
bib-45,1587,Venice,ITALIAN,Arithmetic | Cosmography | Gnomonics & Horology | Practical Geometry,OPERE DI ORONTIO FINEO DEL DELFINATO,,
bib-47,1561,Paris,FRENCH,Cartography | Instrument Use | Practical Geometry | Surveying,ET DESCRIPTION DE L’HOLOMETRE,,
bib-49,1567,Paris,FRENCH,Instrument Use | Practical Geometry | Surveying,L’HOLOMETRE,,
bib-51,1643,Paris,FRENCH,Navigation,HYDROGRAPHIE,,
bib-53,1684,Basel,GERMAN,Practical Geometry | Surveying,"Compendium Geometriæ Practicæ, sive, PLANIMETRIA",,
bib-55,1652,Paris,FRENCH,Perspective,LA PERSPECTIVE CVRIEVSE,,
bib-59,1594,Leiden,LATIN,Practical Geometry,CYCLOMETRICA ELEMENTA DUO,CYCLOMETRICA ELEMENTA DUO,
bib-62,1618,Nuremberg,GERMAN,Practical Geometry,GEOMETRIAE PRACTICAE NOVAE,,
bib-63,1605,Leiden,LATIN,Practical Geometry,TOMVS SECVNDVS MATHEMATICORVM HYPOMNEMATVM DE GEOMETRIAE PRAXI,,
bib-64,1579,Paris,LATIN,Practical Geometry | Theoretical Mathematics,CANON MATHEMATICVS,,
bib-68,1615,Paris,LATIN,Theoretical Mathematics,AD ANGVLARIVM SECTIONVM ANALYTICEN,,
bib-71,1567,Venice,LATIN,Architecture,DE ARCHITECTVRA LIBRI DECEM,,
bib-72,1613,Herborn,LATIN,Architecture | Arithmetic | Astronomy | Cosmography | Geography,Novem libros Matheseos universae,,
bib-74,1684,London,ENGLISH,,THE ELEMENTS,THE ELEMENTS,
bib-75,1646,Zurich,GERMAN,Practical Geometry | Surveying | Theoretical Mathematics,GEOMETRIÆ  Theoricæ et Practicæ Oder Von dem Feldmassen 14. Bücher,GEOMETRIÆ Theoricæ et Practicæ Oder Von dem Feldmassen 14. Bücher,Euclidis
bib-84,1673,Cremona,ITALIAN,Construction | Practical Geometry,LE DVE PRIME PARTI DELLA GEOMETRIA FAMIGLIARE D’ALESSANDRO CAPRA ARCHITETTO CREMONESE,,
bib-85,1685,Bologna,ITALIAN,Arithmetic | Instrument Construction | Instrument Use,FABRICA ET USO Del Compasso di Proportione,,
bib-87,1584,Brescia,ITALIAN,Practical Geometry | Surveying,DELL’ARTE DEL MISURARE LIBRI DVE,,
bib-9,1544,Strasbourg,LATIN,Practical Geometry,LIBER DE GEOMETRIA PRACTICA,EVCLIDIS elementis,EVCLIDIS
bib-91,1563,Venice,ITALIAN,Arithmetic | Practical Geometry | Theoretical Mathematics,Libro di Arithmetica & Geometria,,
bib-93,1603,Venice,ITALIAN,Arithmetic | Commercial Mathematics | Practical Geometry | Surveying,PRATICA D’ARITHMETICA E GEOMETRIA,,
bib-96,1675,Caen,LATIN,,COSMOGRAPHIA,,
ustc-13,1639,Paris,FRENCH,Mechanics,EXAMEN DU LIVRE DES RECREATIONS MATHEMATIQVES,,
ustc-15,1630,Paris,FRENCH,Practical Geometry | Surveying,LA GEOMETRIE PRATIQVE DES LIGNES DES SVPERFICIES ET DES CORPS,,
ustc-2,1613,Paris,FRENCH,Arithmetic,L'ARITHMETIQVE,,
ustc-21,1624,Paris,FRENCH,Arithmetic | Theoretical Mathematics,L’VSAGE DE LA REIGLE DE PROPORTION,,
ustc-27,1632,Paris,FRENCH,Arithmetic | Commercial Mathematics,ARITHMETIQVE MEMORIALE,,
ustc-29,1602,Paris,FRENCH,Practical Geometry,LA GEOMETRIE ET PRACTIQVE GENERALLE D'ICELLE,,
ustc-3,1617,Paris,FRENCH,Theoretical Mathematics | Trigonometry,TRAICTE' DES TRIANGLES SPHERIQVES,,
ustc-31,1613,Paris,FRENCH,Arithmetic,L'ARITHMETIQVE DE NICOLAS TARTAGLIA BRESCIAN,,
ustc-32,1578,Paris,FRENCH,Arithmetic,L'ARITHMETIQVE DE NICOLAS TARTAGLIA BRESCIAN,,
ustc-39,1621,Paris,FRENCH,Practical Geometry,LA GEOMETRIE ET PRATIQUE GENERALE D'ICELLE,,
ustc-45,1634,Paris,FRENCH,,"LES QVESTIONS THEOLOGIQVES. PHYSIQVES, MORALES, ET MATHEMATIQVES",,
ustc-46,1638,Paris,FRENCH,Arithmetic | Commercial Mathematics,ARITHMETIQVE AVX IETTONS,,
ustc-47,1630,Paris,FRENCH,Theoretical Mathematics,NOVVELLE ALGEBRE DE FRANÇOIS VIETE,,
ustc-48,1630,Paris,FRENCH,Theoretical Mathematics,L'ALGBRE NOVVELLE DE Mr. VIETE Mr DES REQVESTES,,
ustc-49,1630,Paris,FRENCH,Theoretical Mathematics,LES CINQ LIVRES DES ZETETIQVES DE FRANCOIS VIETTE,,
ustc-5,1634,Paris,FRENCH,,"LES QVESTIONS THEOLOGIQVES. PHYSIQVES, MORALES, ET  MATHEMATIQVES",,
ustc-58,1620,Paris,FRENCH,Practical Geometry,QVATRE LIVRES,QVATRE LIVRES,
ustc-60,1623,Paris,FRENCH,Theoretical Mathematics,Elemens Geometriques d'Euclide,Elemens Geometriques d'Euclide,d'Euclide
ustc-7,1639,Paris,FRENCH,Instrument Use,LA FLEVR DES PRATIQVES DV COMPAS DE PROPORTION,,
