primary_subject_family,n_family,mode,count,pct,overall_pct,delta
Applied Mechanics/Military,21,canonical_textual_identity,5,23.8,47.0,-23.2
Applied Mechanics/Military,21,method_demonstration_order,3,14.3,25.0,-10.7
Applied Mechanics/Military,21,accessibility_clarity_pedagogy,2,9.5,11.5,-2.0
Applied Mechanics/Military,21,utility_practice_application,4,19.0,14.4,4.7
Applied Mechanics/Military,21,correction_revision_accuracy,0,0.0,15.4,-15.4
Applied Mechanics/Military,21,augmentation_enrichment_composition,4,19.0,32.9,-13.8
Applied Mechanics/Military,21,translation_vernacularization_transfer,3,14.3,14.5,-0.2
Applied Mechanics/Military,21,ancient_authority_restoration,3,14.3,36.2,-21.9
Applied Mechanics/Military,21,novelty_modernity_invention,1,4.8,12.1,-7.3
Applied Mechanics/Military,21,visual_material_aids,3,14.3,14.8,-0.5
Applied Mechanics/Military,21,completeness_totality_system,1,4.8,13.5,-8.8
Applied Mechanics/Military,21,selection_extraction_abridgment,0,0.0,10.7,-10.7
Applied Mechanics/Military,21,sparse_canonical_identity,1,4.8,6.4,-1.6
Applied Mechanics/Military,21,procedural_pedagogical_identity,1,4.8,26.3,-21.6
Applied Mechanics/Military,21,composite_workshop_book,3,14.3,28.8,-14.5
Applied Mechanics/Military,21,utility_public_book,1,4.8,7.1,-2.4
Applied Mechanics/Military,21,humanist_transfer_book,2,9.5,9.5,0.0
Applied Mechanics/Military,21,method_access_book,1,4.8,6.2,-1.4
Arithmetic/Commerce,74,canonical_textual_identity,10,13.5,47.0,-33.5
Arithmetic/Commerce,74,method_demonstration_order,8,10.8,25.0,-14.2
Arithmetic/Commerce,74,accessibility_clarity_pedagogy,10,13.5,11.5,2.0
Arithmetic/Commerce,74,utility_practice_application,13,17.6,14.4,3.2
Arithmetic/Commerce,74,correction_revision_accuracy,16,21.6,15.4,6.2
Arithmetic/Commerce,74,augmentation_enrichment_composition,26,35.1,32.9,2.3
Arithmetic/Commerce,74,translation_vernacularization_transfer,11,14.9,14.5,0.4
Arithmetic/Commerce,74,ancient_authority_restoration,5,6.8,36.2,-29.4
Arithmetic/Commerce,74,novelty_modernity_invention,13,17.6,12.1,5.5
Arithmetic/Commerce,74,visual_material_aids,12,16.2,14.8,1.4
Arithmetic/Commerce,74,completeness_totality_system,13,17.6,13.5,4.0
Arithmetic/Commerce,74,selection_extraction_abridgment,10,13.5,10.7,2.8
Arithmetic/Commerce,74,sparse_canonical_identity,3,4.1,6.4,-2.4
Arithmetic/Commerce,74,procedural_pedagogical_identity,5,6.8,26.3,-19.6
Arithmetic/Commerce,74,composite_workshop_book,20,27.0,28.8,-1.8
Arithmetic/Commerce,74,utility_public_book,1,1.4,7.1,-5.8
Arithmetic/Commerce,74,humanist_transfer_book,1,1.4,9.5,-8.1
Arithmetic/Commerce,74,method_access_book,2,2.7,6.2,-3.5
Cosmos/Earth,34,canonical_textual_identity,7,20.6,47.0,-26.4
Cosmos/Earth,34,method_demonstration_order,4,11.8,25.0,-13.3
Cosmos/Earth,34,accessibility_clarity_pedagogy,4,11.8,11.5,0.3
Cosmos/Earth,34,utility_practice_application,5,14.7,14.4,0.4
Cosmos/Earth,34,correction_revision_accuracy,5,14.7,15.4,-0.7
Cosmos/Earth,34,augmentation_enrichment_composition,22,64.7,32.9,31.8
Cosmos/Earth,34,translation_vernacularization_transfer,3,8.8,14.5,-5.6
Cosmos/Earth,34,ancient_authority_restoration,8,23.5,36.2,-12.7
Cosmos/Earth,34,novelty_modernity_invention,4,11.8,12.1,-0.3
Cosmos/Earth,34,visual_material_aids,11,32.4,14.8,17.5
Cosmos/Earth,34,completeness_totality_system,7,20.6,13.5,7.1
Cosmos/Earth,34,selection_extraction_abridgment,2,5.9,10.7,-4.8
Cosmos/Earth,34,sparse_canonical_identity,0,0.0,6.4,-6.4
Cosmos/Earth,34,procedural_pedagogical_identity,7,20.6,26.3,-5.7
Cosmos/Earth,34,composite_workshop_book,21,61.8,28.8,32.9
Cosmos/Earth,34,utility_public_book,4,11.8,7.1,4.6
Cosmos/Earth,34,humanist_transfer_book,1,2.9,9.5,-6.5
Cosmos/Earth,34,method_access_book,3,8.8,6.2,2.7
Geometry/Theory,288,canonical_textual_identity,208,72.2,47.0,25.2
Geometry/Theory,288,method_demonstration_order,102,35.4,25.0,10.4
Geometry/Theory,288,accessibility_clarity_pedagogy,33,11.5,11.5,-0.0
Geometry/Theory,288,utility_practice_application,25,8.7,14.4,-5.7
Geometry/Theory,288,correction_revision_accuracy,48,16.7,15.4,1.2
Geometry/Theory,288,augmentation_enrichment_composition,105,36.5,32.9,3.6
Geometry/Theory,288,translation_vernacularization_transfer,52,18.1,14.5,3.6
Geometry/Theory,288,ancient_authority_restoration,174,60.4,36.2,24.2
Geometry/Theory,288,novelty_modernity_invention,33,11.5,12.1,-0.6
Geometry/Theory,288,visual_material_aids,40,13.9,14.8,-0.9
Geometry/Theory,288,completeness_totality_system,47,16.3,13.5,2.8
Geometry/Theory,288,selection_extraction_abridgment,32,11.1,10.7,0.4
Geometry/Theory,288,sparse_canonical_identity,28,9.7,6.4,3.3
Geometry/Theory,288,procedural_pedagogical_identity,117,40.6,26.3,14.3
Geometry/Theory,288,composite_workshop_book,95,33.0,28.8,4.2
Geometry/Theory,288,utility_public_book,14,4.9,7.1,-2.3
Geometry/Theory,288,humanist_transfer_book,45,15.6,9.5,6.1
Geometry/Theory,288,method_access_book,18,6.2,6.2,0.1
Geometry/Theory | Arithmetic/Commerce,24,canonical_textual_identity,15,62.5,47.0,15.5
Geometry/Theory | Arithmetic/Commerce,24,method_demonstration_order,5,20.8,25.0,-4.2
Geometry/Theory | Arithmetic/Commerce,24,accessibility_clarity_pedagogy,1,4.2,11.5,-7.3
Geometry/Theory | Arithmetic/Commerce,24,utility_practice_application,2,8.3,14.4,-6.0
Geometry/Theory | Arithmetic/Commerce,24,correction_revision_accuracy,3,12.5,15.4,-2.9
Geometry/Theory | Arithmetic/Commerce,24,augmentation_enrichment_composition,6,25.0,32.9,-7.9
Geometry/Theory | Arithmetic/Commerce,24,translation_vernacularization_transfer,1,4.2,14.5,-10.3
Geometry/Theory | Arithmetic/Commerce,24,ancient_authority_restoration,6,25.0,36.2,-11.2
Geometry/Theory | Arithmetic/Commerce,24,novelty_modernity_invention,0,0.0,12.1,-12.1
Geometry/Theory | Arithmetic/Commerce,24,visual_material_aids,1,4.2,14.8,-10.7
Geometry/Theory | Arithmetic/Commerce,24,completeness_totality_system,0,0.0,13.5,-13.5
Geometry/Theory | Arithmetic/Commerce,24,selection_extraction_abridgment,3,12.5,10.7,1.8
Geometry/Theory | Arithmetic/Commerce,24,sparse_canonical_identity,7,29.2,6.4,22.8
Geometry/Theory | Arithmetic/Commerce,24,procedural_pedagogical_identity,4,16.7,26.3,-9.7
Geometry/Theory | Arithmetic/Commerce,24,composite_workshop_book,6,25.0,28.8,-3.8
Geometry/Theory | Arithmetic/Commerce,24,utility_public_book,1,4.2,7.1,-3.0
Geometry/Theory | Arithmetic/Commerce,24,humanist_transfer_book,0,0.0,9.5,-9.5
Geometry/Theory | Arithmetic/Commerce,24,method_access_book,1,4.2,6.2,-2.0
Geometry/Theory | Instruments/Measurement,38,canonical_textual_identity,16,42.1,47.0,-4.9
Geometry/Theory | Instruments/Measurement,38,method_demonstration_order,12,31.6,25.0,6.5
Geometry/Theory | Instruments/Measurement,38,accessibility_clarity_pedagogy,8,21.1,11.5,9.5
Geometry/Theory | Instruments/Measurement,38,utility_practice_application,15,39.5,14.4,25.1
Geometry/Theory | Instruments/Measurement,38,correction_revision_accuracy,5,13.2,15.4,-2.3
Geometry/Theory | Instruments/Measurement,38,augmentation_enrichment_composition,16,42.1,32.9,9.2
Geometry/Theory | Instruments/Measurement,38,translation_vernacularization_transfer,2,5.3,14.5,-9.2
Geometry/Theory | Instruments/Measurement,38,ancient_authority_restoration,4,10.5,36.2,-25.7
Geometry/Theory | Instruments/Measurement,38,novelty_modernity_invention,4,10.5,12.1,-1.6
Geometry/Theory | Instruments/Measurement,38,visual_material_aids,12,31.6,14.8,16.8
Geometry/Theory | Instruments/Measurement,38,completeness_totality_system,7,18.4,13.5,4.9
Geometry/Theory | Instruments/Measurement,38,selection_extraction_abridgment,7,18.4,10.7,7.7
Geometry/Theory | Instruments/Measurement,38,sparse_canonical_identity,1,2.6,6.4,-3.8
Geometry/Theory | Instruments/Measurement,38,procedural_pedagogical_identity,9,23.7,26.3,-2.7
Geometry/Theory | Instruments/Measurement,38,composite_workshop_book,16,42.1,28.8,13.3
Geometry/Theory | Instruments/Measurement,38,utility_public_book,11,28.9,7.1,21.8
Geometry/Theory | Instruments/Measurement,38,humanist_transfer_book,0,0.0,9.5,-9.5
Geometry/Theory | Instruments/Measurement,38,method_access_book,3,7.9,6.2,1.7
Geometry/Theory | Instruments/Measurement | Cosmos/Earth,10,canonical_textual_identity,3,30.0,47.0,-17.0
Geometry/Theory | Instruments/Measurement | Cosmos/Earth,10,method_demonstration_order,1,10.0,25.0,-15.0
Geometry/Theory | Instruments/Measurement | Cosmos/Earth,10,accessibility_clarity_pedagogy,1,10.0,11.5,-1.5
Geometry/Theory | Instruments/Measurement | Cosmos/Earth,10,utility_practice_application,2,20.0,14.4,5.6
Geometry/Theory | Instruments/Measurement | Cosmos/Earth,10,correction_revision_accuracy,0,0.0,15.4,-15.4
Geometry/Theory | Instruments/Measurement | Cosmos/Earth,10,augmentation_enrichment_composition,3,30.0,32.9,-2.9
Geometry/Theory | Instruments/Measurement | Cosmos/Earth,10,translation_vernacularization_transfer,0,0.0,14.5,-14.5
Geometry/Theory | Instruments/Measurement | Cosmos/Earth,10,ancient_authority_restoration,0,0.0,36.2,-36.2
Geometry/Theory | Instruments/Measurement | Cosmos/Earth,10,novelty_modernity_invention,3,30.0,12.1,17.9
Geometry/Theory | Instruments/Measurement | Cosmos/Earth,10,visual_material_aids,3,30.0,14.8,15.2
Geometry/Theory | Instruments/Measurement | Cosmos/Earth,10,completeness_totality_system,1,10.0,13.5,-3.5
Geometry/Theory | Instruments/Measurement | Cosmos/Earth,10,selection_extraction_abridgment,0,0.0,10.7,-10.7
Geometry/Theory | Instruments/Measurement | Cosmos/Earth,10,sparse_canonical_identity,1,10.0,6.4,3.6
Geometry/Theory | Instruments/Measurement | Cosmos/Earth,10,procedural_pedagogical_identity,1,10.0,26.3,-16.3
Geometry/Theory | Instruments/Measurement | Cosmos/Earth,10,composite_workshop_book,3,30.0,28.8,1.2
Geometry/Theory | Instruments/Measurement | Cosmos/Earth,10,utility_public_book,0,0.0,7.1,-7.1
Geometry/Theory | Instruments/Measurement | Cosmos/Earth,10,humanist_transfer_book,0,0.0,9.5,-9.5
Geometry/Theory | Instruments/Measurement | Cosmos/Earth,10,method_access_book,1,10.0,6.2,3.8
Geometry/Theory | Visual/Spatial Arts,13,canonical_textual_identity,5,38.5,47.0,-8.5
Geometry/Theory | Visual/Spatial Arts,13,method_demonstration_order,1,7.7,25.0,-17.3
Geometry/Theory | Visual/Spatial Arts,13,accessibility_clarity_pedagogy,0,0.0,11.5,-11.5
Geometry/Theory | Visual/Spatial Arts,13,utility_practice_application,2,15.4,14.4,1.0
Geometry/Theory | Visual/Spatial Arts,13,correction_revision_accuracy,0,0.0,15.4,-15.4
Geometry/Theory | Visual/Spatial Arts,13,augmentation_enrichment_composition,0,0.0,32.9,-32.9
Geometry/Theory | Visual/Spatial Arts,13,translation_vernacularization_transfer,2,15.4,14.5,0.9
Geometry/Theory | Visual/Spatial Arts,13,ancient_authority_restoration,2,15.4,36.2,-20.8
Geometry/Theory | Visual/Spatial Arts,13,novelty_modernity_invention,2,15.4,12.1,3.3
Geometry/Theory | Visual/Spatial Arts,13,visual_material_aids,2,15.4,14.8,0.6
Geometry/Theory | Visual/Spatial Arts,13,completeness_totality_system,0,0.0,13.5,-13.5
Geometry/Theory | Visual/Spatial Arts,13,selection_extraction_abridgment,0,0.0,10.7,-10.7
Geometry/Theory | Visual/Spatial Arts,13,sparse_canonical_identity,2,15.4,6.4,9.0
Geometry/Theory | Visual/Spatial Arts,13,procedural_pedagogical_identity,2,15.4,26.3,-10.9
Geometry/Theory | Visual/Spatial Arts,13,composite_workshop_book,0,0.0,28.8,-28.8
Geometry/Theory | Visual/Spatial Arts,13,utility_public_book,2,15.4,7.1,8.3
Geometry/Theory | Visual/Spatial Arts,13,humanist_transfer_book,2,15.4,9.5,5.9
Geometry/Theory | Visual/Spatial Arts,13,method_access_book,0,0.0,6.2,-6.2
Instruments/Measurement,15,canonical_textual_identity,2,13.3,47.0,-33.6
Instruments/Measurement,15,method_demonstration_order,7,46.7,25.0,21.6
Instruments/Measurement,15,accessibility_clarity_pedagogy,2,13.3,11.5,1.8
Instruments/Measurement,15,utility_practice_application,5,33.3,14.4,19.0
Instruments/Measurement,15,correction_revision_accuracy,2,13.3,15.4,-2.1
Instruments/Measurement,15,augmentation_enrichment_composition,9,60.0,32.9,27.1
Instruments/Measurement,15,translation_vernacularization_transfer,2,13.3,14.5,-1.1
Instruments/Measurement,15,ancient_authority_restoration,1,6.7,36.2,-29.5
Instruments/Measurement,15,novelty_modernity_invention,3,20.0,12.1,7.9
Instruments/Measurement,15,visual_material_aids,3,20.0,14.8,5.2
Instruments/Measurement,15,completeness_totality_system,4,26.7,13.5,13.1
Instruments/Measurement,15,selection_extraction_abridgment,1,6.7,10.7,-4.0
Instruments/Measurement,15,sparse_canonical_identity,0,0.0,6.4,-6.4
Instruments/Measurement,15,procedural_pedagogical_identity,1,6.7,26.3,-19.7
Instruments/Measurement,15,composite_workshop_book,7,46.7,28.8,17.8
Instruments/Measurement,15,utility_public_book,2,13.3,7.1,6.2
Instruments/Measurement,15,humanist_transfer_book,1,6.7,9.5,-2.8
Instruments/Measurement,15,method_access_book,1,6.7,6.2,0.5
No primary family,160,canonical_textual_identity,92,57.5,47.0,10.5
No primary family,160,method_demonstration_order,46,28.7,25.0,3.7
No primary family,160,accessibility_clarity_pedagogy,25,15.6,11.5,4.1
No primary family,160,utility_practice_application,12,7.5,14.4,-6.9
No primary family,160,correction_revision_accuracy,35,21.9,15.4,6.5
No primary family,160,augmentation_enrichment_composition,47,29.4,32.9,-3.5
No primary family,160,translation_vernacularization_transfer,29,18.1,14.5,3.7
No primary family,160,ancient_authority_restoration,80,50.0,36.2,13.8
No primary family,160,novelty_modernity_invention,18,11.2,12.1,-0.8
No primary family,160,visual_material_aids,16,10.0,14.8,-4.8
No primary family,160,completeness_totality_system,21,13.1,13.5,-0.4
No primary family,160,selection_extraction_abridgment,23,14.4,10.7,3.7
No primary family,160,sparse_canonical_identity,9,5.6,6.4,-0.8
No primary family,160,procedural_pedagogical_identity,60,37.5,26.3,11.2
No primary family,160,composite_workshop_book,37,23.1,28.8,-5.7
No primary family,160,utility_public_book,6,3.8,7.1,-3.4
No primary family,160,humanist_transfer_book,20,12.5,9.5,3.0
No primary family,160,method_access_book,17,10.6,6.2,4.5
Visual/Spatial Arts,63,canonical_textual_identity,6,9.5,47.0,-37.5
Visual/Spatial Arts,63,method_demonstration_order,2,3.2,25.0,-21.9
Visual/Spatial Arts,63,accessibility_clarity_pedagogy,2,3.2,11.5,-8.3
Visual/Spatial Arts,63,utility_practice_application,11,17.5,14.4,3.1
Visual/Spatial Arts,63,correction_revision_accuracy,1,1.6,15.4,-13.8
Visual/Spatial Arts,63,augmentation_enrichment_composition,7,11.1,32.9,-21.7
Visual/Spatial Arts,63,translation_vernacularization_transfer,4,6.3,14.5,-8.1
Visual/Spatial Arts,63,ancient_authority_restoration,5,7.9,36.2,-28.2
Visual/Spatial Arts,63,novelty_modernity_invention,4,6.3,12.1,-5.8
Visual/Spatial Arts,63,visual_material_aids,4,6.3,14.8,-8.5
Visual/Spatial Arts,63,completeness_totality_system,2,3.2,13.5,-10.3
Visual/Spatial Arts,63,selection_extraction_abridgment,2,3.2,10.7,-7.5
Visual/Spatial Arts,63,sparse_canonical_identity,0,0.0,6.4,-6.4
Visual/Spatial Arts,63,procedural_pedagogical_identity,0,0.0,26.3,-26.3
Visual/Spatial Arts,63,composite_workshop_book,5,7.9,28.8,-20.9
Visual/Spatial Arts,63,utility_public_book,5,7.9,7.1,0.8
Visual/Spatial Arts,63,humanist_transfer_book,2,3.2,9.5,-6.3
Visual/Spatial Arts,63,method_access_book,0,0.0,6.2,-6.2
Visual/Spatial Arts | Applied Mechanics/Military,11,canonical_textual_identity,1,9.1,47.0,-37.9
Visual/Spatial Arts | Applied Mechanics/Military,11,method_demonstration_order,0,0.0,25.0,-25.0
Visual/Spatial Arts | Applied Mechanics/Military,11,accessibility_clarity_pedagogy,0,0.0,11.5,-11.5
Visual/Spatial Arts | Applied Mechanics/Military,11,utility_practice_application,2,18.2,14.4,3.8
Visual/Spatial Arts | Applied Mechanics/Military,11,correction_revision_accuracy,2,18.2,15.4,2.8
Visual/Spatial Arts | Applied Mechanics/Military,11,augmentation_enrichment_composition,4,36.4,32.9,3.5
Visual/Spatial Arts | Applied Mechanics/Military,11,translation_vernacularization_transfer,0,0.0,14.5,-14.5
Visual/Spatial Arts | Applied Mechanics/Military,11,ancient_authority_restoration,0,0.0,36.2,-36.2
Visual/Spatial Arts | Applied Mechanics/Military,11,novelty_modernity_invention,2,18.2,12.1,6.1
Visual/Spatial Arts | Applied Mechanics/Military,11,visual_material_aids,1,9.1,14.8,-5.7
Visual/Spatial Arts | Applied Mechanics/Military,11,completeness_totality_system,0,0.0,13.5,-13.5
Visual/Spatial Arts | Applied Mechanics/Military,11,selection_extraction_abridgment,0,0.0,10.7,-10.7
Visual/Spatial Arts | Applied Mechanics/Military,11,sparse_canonical_identity,0,0.0,6.4,-6.4
Visual/Spatial Arts | Applied Mechanics/Military,11,procedural_pedagogical_identity,1,9.1,26.3,-17.2
Visual/Spatial Arts | Applied Mechanics/Military,11,composite_workshop_book,3,27.3,28.8,-1.6
Visual/Spatial Arts | Applied Mechanics/Military,11,utility_public_book,0,0.0,7.1,-7.1
Visual/Spatial Arts | Applied Mechanics/Military,11,humanist_transfer_book,0,0.0,9.5,-9.5
Visual/Spatial Arts | Applied Mechanics/Military,11,method_access_book,0,0.0,6.2,-6.2
