social_category,n,value,count,pct,overall_pct,delta
aud_architects_builders,0,clarity_ease,0,0.0,5.0,0.0
aud_architects_builders,0,utility_use,0,0.0,8.5,0.0
aud_architects_builders,0,correction_revision,0,0.0,10.0,0.0
aud_architects_builders,0,novelty_invention,0,0.0,6.6,0.0
aud_architects_builders,0,translation_language,0,0.0,5.7,0.0
aud_architects_builders,0,demonstration_method,0,0.0,11.9,0.0
aud_architects_builders,0,enrichment_addition,0,0.0,14.2,0.0
aud_architects_builders,0,restoration_ancient_authority,0,0.0,5.8,0.0
aud_artisans_visual_trades,3,utility_use,2,66.7,8.5,58.1
aud_artisans_visual_trades,3,clarity_ease,0,0.0,5.0,-5.0
aud_artisans_visual_trades,3,translation_language,0,0.0,5.7,-5.7
aud_artisans_visual_trades,3,restoration_ancient_authority,0,0.0,5.8,-5.8
aud_artisans_visual_trades,3,novelty_invention,0,0.0,6.6,-6.6
aud_artisans_visual_trades,3,correction_revision,0,0.0,10.0,-10.0
aud_artisans_visual_trades,3,demonstration_method,0,0.0,11.9,-11.9
aud_artisans_visual_trades,3,enrichment_addition,0,0.0,14.2,-14.2
aud_general_readers_lovers,40,translation_language,5,12.5,5.7,6.8
aud_general_readers_lovers,40,utility_use,6,15.0,8.5,6.5
aud_general_readers_lovers,40,clarity_ease,4,10.0,5.0,5.0
aud_general_readers_lovers,40,novelty_invention,4,10.0,6.6,3.4
aud_general_readers_lovers,40,restoration_ancient_authority,3,7.5,5.8,1.7
aud_general_readers_lovers,40,demonstration_method,4,10.0,11.9,-1.9
aud_general_readers_lovers,40,correction_revision,2,5.0,10.0,-5.0
aud_general_readers_lovers,40,enrichment_addition,2,5.0,14.2,-9.2
aud_mathematicians_scholars,8,utility_use,4,50.0,8.5,41.5
aud_mathematicians_scholars,8,novelty_invention,1,12.5,6.6,5.9
aud_mathematicians_scholars,8,demonstration_method,1,12.5,11.9,0.6
aud_mathematicians_scholars,8,enrichment_addition,1,12.5,14.2,-1.7
aud_mathematicians_scholars,8,clarity_ease,0,0.0,5.0,-5.0
aud_mathematicians_scholars,8,translation_language,0,0.0,5.7,-5.7
aud_mathematicians_scholars,8,restoration_ancient_authority,0,0.0,5.8,-5.8
aud_mathematicians_scholars,8,correction_revision,0,0.0,10.0,-10.0
aud_merchants_commercial_users,3,utility_use,3,100.0,8.5,91.5
aud_merchants_commercial_users,3,novelty_invention,1,33.3,6.6,26.7
aud_merchants_commercial_users,3,enrichment_addition,1,33.3,14.2,19.1
aud_merchants_commercial_users,3,clarity_ease,0,0.0,5.0,-5.0
aud_merchants_commercial_users,3,translation_language,0,0.0,5.7,-5.7
aud_merchants_commercial_users,3,restoration_ancient_authority,0,0.0,5.8,-5.8
aud_merchants_commercial_users,3,correction_revision,0,0.0,10.0,-10.0
aud_merchants_commercial_users,3,demonstration_method,0,0.0,11.9,-11.9
aud_military_users,9,novelty_invention,3,33.3,6.6,26.7
aud_military_users,9,correction_revision,3,33.3,10.0,23.4
aud_military_users,9,utility_use,2,22.2,8.5,13.7
aud_military_users,9,demonstration_method,1,11.1,11.9,-0.8
aud_military_users,9,enrichment_addition,1,11.1,14.2,-3.1
aud_military_users,9,clarity_ease,0,0.0,5.0,-5.0
aud_military_users,9,translation_language,0,0.0,5.7,-5.7
aud_military_users,9,restoration_ancient_authority,0,0.0,5.8,-5.8
aud_navigators_pilots,3,utility_use,2,66.7,8.5,58.1
aud_navigators_pilots,3,demonstration_method,1,33.3,11.9,21.5
aud_navigators_pilots,3,enrichment_addition,1,33.3,14.2,19.1
aud_navigators_pilots,3,clarity_ease,0,0.0,5.0,-5.0
aud_navigators_pilots,3,translation_language,0,0.0,5.7,-5.7
aud_navigators_pilots,3,restoration_ancient_authority,0,0.0,5.8,-5.8
aud_navigators_pilots,3,novelty_invention,0,0.0,6.6,-6.6
aud_navigators_pilots,3,correction_revision,0,0.0,10.0,-10.0
aud_nobility_court_as_audience,4,utility_use,3,75.0,8.5,66.5
aud_nobility_court_as_audience,4,enrichment_addition,3,75.0,14.2,60.8
aud_nobility_court_as_audience,4,correction_revision,2,50.0,10.0,40.0
aud_nobility_court_as_audience,4,clarity_ease,0,0.0,5.0,-5.0
aud_nobility_court_as_audience,4,translation_language,0,0.0,5.7,-5.7
aud_nobility_court_as_audience,4,restoration_ancient_authority,0,0.0,5.8,-5.8
aud_nobility_court_as_audience,4,novelty_invention,0,0.0,6.6,-6.6
aud_nobility_court_as_audience,4,demonstration_method,0,0.0,11.9,-11.9
aud_students_learners,16,enrichment_addition,8,50.0,14.2,35.8
aud_students_learners,16,demonstration_method,5,31.2,11.9,19.4
aud_students_learners,16,correction_revision,4,25.0,10.0,15.0
aud_students_learners,16,novelty_invention,1,6.2,6.6,-0.4
aud_students_learners,16,clarity_ease,0,0.0,5.0,-5.0
aud_students_learners,16,translation_language,0,0.0,5.7,-5.7
aud_students_learners,16,restoration_ancient_authority,0,0.0,5.8,-5.8
aud_students_learners,16,utility_use,0,0.0,8.5,-8.5
aud_surveyors_geometers_engineers,8,novelty_invention,2,25.0,6.6,18.4
aud_surveyors_geometers_engineers,8,utility_use,2,25.0,8.5,16.5
aud_surveyors_geometers_engineers,8,correction_revision,2,25.0,10.0,15.0
aud_surveyors_geometers_engineers,8,demonstration_method,2,25.0,11.9,13.1
aud_surveyors_geometers_engineers,8,clarity_ease,1,12.5,5.0,7.5
aud_surveyors_geometers_engineers,8,translation_language,0,0.0,5.7,-5.7
aud_surveyors_geometers_engineers,8,restoration_ancient_authority,0,0.0,5.8,-5.8
aud_surveyors_geometers_engineers,8,enrichment_addition,0,0.0,14.2,-14.2
inst_civic_state_institution,4,enrichment_addition,2,50.0,14.2,35.8
inst_civic_state_institution,4,clarity_ease,0,0.0,5.0,-5.0
inst_civic_state_institution,4,translation_language,0,0.0,5.7,-5.7
inst_civic_state_institution,4,restoration_ancient_authority,0,0.0,5.8,-5.8
inst_civic_state_institution,4,novelty_invention,0,0.0,6.6,-6.6
inst_civic_state_institution,4,utility_use,0,0.0,8.5,-8.5
inst_civic_state_institution,4,correction_revision,0,0.0,10.0,-10.0
inst_civic_state_institution,4,demonstration_method,0,0.0,11.9,-11.9
inst_engineering_military_schools,2,restoration_ancient_authority,1,50.0,5.8,44.2
inst_engineering_military_schools,2,enrichment_addition,1,50.0,14.2,35.8
inst_engineering_military_schools,2,clarity_ease,0,0.0,5.0,-5.0
inst_engineering_military_schools,2,translation_language,0,0.0,5.7,-5.7
inst_engineering_military_schools,2,novelty_invention,0,0.0,6.6,-6.6
inst_engineering_military_schools,2,utility_use,0,0.0,8.5,-8.5
inst_engineering_military_schools,2,correction_revision,0,0.0,10.0,-10.0
inst_engineering_military_schools,2,demonstration_method,0,0.0,11.9,-11.9
inst_jesuit,38,novelty_invention,10,26.3,6.6,19.7
inst_jesuit,38,enrichment_addition,12,31.6,14.2,17.3
inst_jesuit,38,clarity_ease,8,21.1,5.0,16.1
inst_jesuit,38,restoration_ancient_authority,8,21.1,5.8,15.2
inst_jesuit,38,demonstration_method,10,26.3,11.9,14.5
inst_jesuit,38,utility_use,8,21.1,8.5,12.5
inst_jesuit,38,correction_revision,7,18.4,10.0,8.5
inst_jesuit,38,translation_language,0,0.0,5.7,-5.7
inst_libraries_collections,5,translation_language,2,40.0,5.7,34.3
inst_libraries_collections,5,restoration_ancient_authority,1,20.0,5.8,14.2
inst_libraries_collections,5,demonstration_method,1,20.0,11.9,8.1
inst_libraries_collections,5,clarity_ease,0,0.0,5.0,-5.0
inst_libraries_collections,5,novelty_invention,0,0.0,6.6,-6.6
inst_libraries_collections,5,utility_use,0,0.0,8.5,-8.5
inst_libraries_collections,5,correction_revision,0,0.0,10.0,-10.0
inst_libraries_collections,5,enrichment_addition,0,0.0,14.2,-14.2
inst_other_religious_orders,5,utility_use,1,20.0,8.5,11.5
inst_other_religious_orders,5,demonstration_method,1,20.0,11.9,8.1
inst_other_religious_orders,5,clarity_ease,0,0.0,5.0,-5.0
inst_other_religious_orders,5,translation_language,0,0.0,5.7,-5.7
inst_other_religious_orders,5,restoration_ancient_authority,0,0.0,5.8,-5.8
inst_other_religious_orders,5,novelty_invention,0,0.0,6.6,-6.6
inst_other_religious_orders,5,correction_revision,0,0.0,10.0,-10.0
inst_other_religious_orders,5,enrichment_addition,0,0.0,14.2,-14.2
inst_royal_court_institution,14,restoration_ancient_authority,4,28.6,5.8,22.8
inst_royal_court_institution,14,novelty_invention,2,14.3,6.6,7.6
inst_royal_court_institution,14,enrichment_addition,3,21.4,14.2,7.2
inst_royal_court_institution,14,utility_use,2,14.3,8.5,5.7
inst_royal_court_institution,14,correction_revision,2,14.3,10.0,4.3
inst_royal_court_institution,14,demonstration_method,2,14.3,11.9,2.4
inst_royal_court_institution,14,clarity_ease,1,7.1,5.0,2.2
inst_royal_court_institution,14,translation_language,1,7.1,5.7,1.4
inst_universities_academies_colleges,15,restoration_ancient_authority,3,20.0,5.8,14.2
inst_universities_academies_colleges,15,novelty_invention,2,13.3,6.6,6.7
inst_universities_academies_colleges,15,utility_use,2,13.3,8.5,4.8
inst_universities_academies_colleges,15,demonstration_method,2,13.3,11.9,1.5
inst_universities_academies_colleges,15,translation_language,1,6.7,5.7,1.0
inst_universities_academies_colleges,15,clarity_ease,0,0.0,5.0,-5.0
inst_universities_academies_colleges,15,enrichment_addition,1,6.7,14.2,-7.6
inst_universities_academies_colleges,15,correction_revision,0,0.0,10.0,-10.0
pat_civic_collective_patron,4,enrichment_addition,1,25.0,14.2,10.8
pat_civic_collective_patron,4,clarity_ease,0,0.0,5.0,-5.0
pat_civic_collective_patron,4,translation_language,0,0.0,5.7,-5.7
pat_civic_collective_patron,4,restoration_ancient_authority,0,0.0,5.8,-5.8
pat_civic_collective_patron,4,novelty_invention,0,0.0,6.6,-6.6
pat_civic_collective_patron,4,utility_use,0,0.0,8.5,-8.5
pat_civic_collective_patron,4,correction_revision,0,0.0,10.0,-10.0
pat_civic_collective_patron,4,demonstration_method,0,0.0,11.9,-11.9
pat_ecclesiastical_patron,8,demonstration_method,4,50.0,11.9,38.1
pat_ecclesiastical_patron,8,utility_use,1,12.5,8.5,4.0
pat_ecclesiastical_patron,8,correction_revision,1,12.5,10.0,2.5
pat_ecclesiastical_patron,8,clarity_ease,0,0.0,5.0,-5.0
pat_ecclesiastical_patron,8,translation_language,0,0.0,5.7,-5.7
pat_ecclesiastical_patron,8,restoration_ancient_authority,0,0.0,5.8,-5.8
pat_ecclesiastical_patron,8,novelty_invention,0,0.0,6.6,-6.6
pat_ecclesiastical_patron,8,enrichment_addition,0,0.0,14.2,-14.2
pat_named_private_patron,164,utility_use,20,12.2,8.5,3.7
pat_named_private_patron,164,demonstration_method,25,15.2,11.9,3.4
pat_named_private_patron,164,restoration_ancient_authority,10,6.1,5.8,0.3
pat_named_private_patron,164,novelty_invention,11,6.7,6.6,0.1
pat_named_private_patron,164,translation_language,7,4.3,5.7,-1.4
pat_named_private_patron,164,correction_revision,13,7.9,10.0,-2.0
pat_named_private_patron,164,clarity_ease,3,1.8,5.0,-3.2
pat_named_private_patron,164,enrichment_addition,17,10.4,14.2,-3.9
pat_noble_patron,20,utility_use,3,15.0,8.5,6.5
pat_noble_patron,20,enrichment_addition,3,15.0,14.2,0.8
pat_noble_patron,20,clarity_ease,1,5.0,5.0,0.0
pat_noble_patron,20,correction_revision,2,10.0,10.0,0.0
pat_noble_patron,20,restoration_ancient_authority,1,5.0,5.8,-0.8
pat_noble_patron,20,novelty_invention,1,5.0,6.6,-1.6
pat_noble_patron,20,demonstration_method,2,10.0,11.9,-1.9
pat_noble_patron,20,translation_language,0,0.0,5.7,-5.7
pat_royal_princely_patron,30,correction_revision,7,23.3,10.0,13.4
pat_royal_princely_patron,30,demonstration_method,7,23.3,11.9,11.5
pat_royal_princely_patron,30,utility_use,5,16.7,8.5,8.1
pat_royal_princely_patron,30,clarity_ease,2,6.7,5.0,1.7
pat_royal_princely_patron,30,restoration_ancient_authority,1,3.3,5.8,-2.5
pat_royal_princely_patron,30,novelty_invention,1,3.3,6.6,-3.3
pat_royal_princely_patron,30,translation_language,0,0.0,5.7,-5.7
pat_royal_princely_patron,30,enrichment_addition,2,6.7,14.2,-7.6
role_engineer_practitioner,16,utility_use,14,87.5,8.5,79.0
role_engineer_practitioner,16,correction_revision,3,18.8,10.0,8.8
role_engineer_practitioner,16,clarity_ease,1,6.2,5.0,1.3
role_engineer_practitioner,16,translation_language,1,6.2,5.7,0.6
role_engineer_practitioner,16,demonstration_method,2,12.5,11.9,0.6
role_engineer_practitioner,16,restoration_ancient_authority,1,6.2,5.8,0.4
role_engineer_practitioner,16,enrichment_addition,2,12.5,14.2,-1.7
role_engineer_practitioner,16,novelty_invention,0,0.0,6.6,-6.6
role_mathematics_professor_lecturer,64,demonstration_method,14,21.9,11.9,10.0
role_mathematics_professor_lecturer,64,correction_revision,11,17.2,10.0,7.2
role_mathematics_professor_lecturer,64,novelty_invention,8,12.5,6.6,5.9
role_mathematics_professor_lecturer,64,utility_use,9,14.1,8.5,5.5
role_mathematics_professor_lecturer,64,restoration_ancient_authority,6,9.4,5.8,3.6
role_mathematics_professor_lecturer,64,clarity_ease,5,7.8,5.0,2.8
role_mathematics_professor_lecturer,64,translation_language,3,4.7,5.7,-1.0
role_mathematics_professor_lecturer,64,enrichment_addition,7,10.9,14.2,-3.3
role_religious_identity,32,clarity_ease,7,21.9,5.0,16.9
role_religious_identity,32,novelty_invention,7,21.9,6.6,15.2
role_religious_identity,32,correction_revision,7,21.9,10.0,11.9
role_religious_identity,32,enrichment_addition,8,25.0,14.2,10.8
role_religious_identity,32,demonstration_method,7,21.9,11.9,10.0
role_religious_identity,32,restoration_ancient_authority,5,15.6,5.8,9.8
role_religious_identity,32,utility_use,3,9.4,8.5,0.8
role_religious_identity,32,translation_language,0,0.0,5.7,-5.7
role_royal_official,50,utility_use,12,24.0,8.5,15.5
role_royal_official,50,correction_revision,8,16.0,10.0,6.0
role_royal_official,50,demonstration_method,7,14.0,11.9,2.1
role_royal_official,50,restoration_ancient_authority,3,6.0,5.8,0.2
role_royal_official,50,enrichment_addition,7,14.0,14.2,-0.2
role_royal_official,50,novelty_invention,3,6.0,6.6,-0.6
role_royal_official,50,clarity_ease,2,4.0,5.0,-1.0
role_royal_official,50,translation_language,1,2.0,5.7,-3.7
